0067803b-2bc3-4b3d-ae3c-352f95310a5e,dz,10000.00,2015-04-01 00:00:00,2015-04-30 00:00:00,A,2015-05-25 21:43:04
013ab4ee-8269-45c9-951a-3f2de8fd4137,sb,1000000.00,2015-05-01 00:00:00,2025-05-30 00:00:00,A,2015-05-25 21:38:09
0186eed7-6276-4f27-98cf-bfcbbdfab23f,pm,10000.00,2015-04-01 00:00:00,2015-04-30 00:00:00,A,2015-05-25 21:45:21
028b1e02-967b-489b-b41e-4bd0e2839779,id,10000.00,2015-04-01 00:00:00,2015-04-30 00:00:00,A,2015-05-25 21:44:16
02c7d39a-bf34-48b9-a6ce-9fe901212f89,il,10000.00,2015-04-01 00:00:00,2015-04-30 00:00:00,A,2015-05-25 21:44:20
0338c173-8b04-43a4-8abd-cd29c76ae8bd,mw,10000.00,2015-04-01 00:00:00,2015-04-30 00:00:00,A,2015-05-25 21:44:36
0453e3bf-046f-4624-a433-85385e977d39,cy,10000.00,2015-04-01 00:00:00,2015-04-30 00:00:00,A,2015-05-25 21:43:42
046f41c3-ef89-4cbd-a0b1-e5e599e25576,jm,1000000.00,2015-05-01 00:00:00,2025-05-30 00:00:00,A,2015-05-25 21:37:04
04aef615-867d-478b-b0a4-698e7470b33b,py,1000000.00,2015-05-01 00:00:00,2025-05-30 00:00:00,A,2015-05-25 21:37:47
05109401-c890-4051-aed9-55105a4e8dac,aw,10000.00,2015-04-01 00:00:00,2015-04-30 00:00:00,A,2015-05-25 21:43:10
056fcf1a-0e5c-4a9f-93d9-5cfd55c9fbf6,sg,1000000.00,2015-05-01 00:00:00,2025-05-30 00:00:00,A,2015-05-25 21:38:07
058b0ef4-835c-4b70-9263-610ff98d99b6,bm,1000000.00,2015-05-01 00:00:00,2025-05-30 00:00:00,A,2015-05-25 21:36:00
05f6d79a-3f49-4ac3-ab47-6d568e3f5598,ec,10000.00,2015-04-01 00:00:00,2015-04-30 00:00:00,A,2015-05-25 21:43:47
05fc1068-0f1f-43bb-9c1d-e20f32525966,np,10000.00,2015-04-01 00:00:00,2015-04-30 00:00:00,A,2015-05-25 21:44:51
0603ba25-b9c4-4c32-9b07-2a45dd3a9a6c,nc,10000.00,2015-04-01 00:00:00,2015-04-30 00:00:00,A,2015-05-25 21:44:53
062cbecf-c0fe-43a8-8295-9ff601d11d20,gy,10000.00,2015-04-01 00:00:00,2015-04-30 00:00:00,A,2015-05-25 21:44:10
08e67508-4f7d-4f24-8ce6-c521d36dc4b3,es,10000.00,2015-04-01 00:00:00,2015-04-30 00:00:00,A,2015-05-25 21:45:36
08e9e970-f601-417e-887b-ba2d2c3bca48,cy,1000000.00,2015-05-01 00:00:00,2025-05-30 00:00:00,A,2015-05-25 21:36:24
09350c9b-f525-44d5-9def-4390d6eea655,je,1000000.00,2015-05-01 00:00:00,2025-05-30 00:00:00,A,2015-05-25 21:37:05
09b95d0c-6ea0-4b98-ab13-7e9f2a3f8e73,gm,10000.00,2015-04-01 00:00:00,2015-04-30 00:00:00,A,2015-05-25 21:44:00
0adb7d9d-66af-4416-b39a-7689544349de,vg,10000.00,2015-04-01 00:00:00,2015-04-30 00:00:00,A,2015-05-25 21:43:25
0ba10e05-68a4-4778-a278-9456736caed3,ai,1000000.00,2015-05-01 00:00:00,2025-05-30 00:00:00,A,2015-05-25 21:35:49
0c4beceb-cf95-487c-abe6-b247de37bdad,fo,10000.00,2015-04-01 00:00:00,2015-04-30 00:00:00,A,2015-05-25 21:43:53
0c55643e-82be-4024-b6dd-a7a61ec3c517,nc,1000000.00,2015-05-01 00:00:00,2025-05-30 00:00:00,A,2015-05-25 21:37:36
0d612491-72b7-499b-a513-e897582c2400,qa,1000000.00,2015-05-01 00:00:00,2025-05-30 00:00:00,A,2015-05-25 21:37:52
0e90d62b-6ae9-4a27-8a67-f88a9db8f62b,bg,1000000.00,2015-05-01 00:00:00,2025-05-30 00:00:00,A,2015-05-25 21:36:08
0ea8abf8-bd71-47b2-a43b-1292789049e1,my,1000000.00,2015-05-01 00:00:00,2025-05-30 00:00:00,A,2015-05-25 21:37:19
0f489fed-5337-403f-8d9b-d437068936ea,br,1000000.00,2015-05-01 00:00:00,2025-05-30 00:00:00,A,2015-05-25 21:36:05
0fb393cd-ba2f-45ce-9748-7eb9e3fce74d,se,1000000.00,2015-05-01 00:00:00,2025-05-30 00:00:00,A,2015-05-25 21:38:17
12106587-b492-459d-9a7a-9d2a3face840,id,1000000.00,2015-05-01 00:00:00,2025-05-30 00:00:00,A,2015-05-25 21:36:59
1210eb9b-ec1f-4738-95d2-2268db6ffca5,sv,1000000.00,2015-05-01 00:00:00,2025-05-30 00:00:00,A,2015-05-25 21:36:31
126f83b4-7ab9-490d-91fd-5d227443da64,mr,1000000.00,2015-05-01 00:00:00,2025-05-30 00:00:00,A,2015-05-25 21:37:24
12f731c8-612d-44a4-94ff-bfd771f81ee5,jp,10000.00,2015-04-01 00:00:00,2015-04-30 00:00:00,A,2015-05-25 21:44:22
1346e336-8f80-4454-9a18-ec18377d0008,ly,1000000.00,2015-05-01 00:00:00,2025-05-30 00:00:00,A,2015-05-25 21:37:14
13dbbde3-16bd-46e4-8282-8daaf2214f80,bz,1000000.00,2015-05-01 00:00:00,2025-05-30 00:00:00,A,2015-05-25 21:35:59
14084c63-059a-43e3-ba98-f1bab76fe732,vu,1000000.00,2015-05-01 00:00:00,2025-05-30 00:00:00,A,2015-05-25 21:38:37
14fb33aa-b826-4188-a921-fbe7432ff233,pf,1000000.00,2015-05-01 00:00:00,2025-05-30 00:00:00,A,2015-05-25 21:36:39
15948196-251e-4598-8806-16ba883f2995,gs,1000000.00,2015-05-01 00:00:00,2025-05-30 00:00:00,A,2015-05-25 21:38:11
15d8a1d3-6112-4703-b848-a61a92494829,cv,10000.00,2015-04-01 00:00:00,2015-04-30 00:00:00,A,2015-05-25 21:43:31
1604e614-0d97-4de7-8eac-98927dc023f3,ro,1000000.00,2015-05-01 00:00:00,2025-05-30 00:00:00,A,2015-05-25 21:37:55
167fbec0-8319-4483-b7e2-2fdbe7f96e71,ch,10000.00,2015-04-01 00:00:00,2015-04-30 00:00:00,A,2015-05-25 21:45:40
17343236-4d70-478d-a8ab-44e6189e65ee,pn,10000.00,2015-04-01 00:00:00,2015-04-30 00:00:00,A,2015-05-25 21:45:09
18499782-69f3-42fe-af5d-923e403deac0,pa,1000000.00,2015-05-01 00:00:00,2025-05-30 00:00:00,A,2015-05-25 21:37:45
18c91016-7913-4366-a0a7-1fcd13c40da9,gp,1000000.00,2015-05-01 00:00:00,2025-05-30 00:00:00,A,2015-05-25 21:36:47
192b605c-fa28-498d-99c9-98671ac4194b,lk,1000000.00,2015-05-01 00:00:00,2025-05-30 00:00:00,A,2015-05-25 21:38:14
199ae629-7e99-43fa-995c-949e2d7ec851,pe,1000000.00,2015-05-01 00:00:00,2025-05-30 00:00:00,A,2015-05-25 21:37:47
199c95f4-af1f-49f4-a9b8-57f8960670d1,gp,10000.00,2015-04-01 00:00:00,2015-04-30 00:00:00,A,2015-05-25 21:44:05
19d1ce99-29af-4390-be7e-3ce54d265a82,cd,1000000.00,2015-05-01 00:00:00,2025-05-30 00:00:00,A,2015-05-25 21:38:21
1a393891-3b55-4ad6-b087-f414395984aa,bj,1000000.00,2015-05-01 00:00:00,2025-05-30 00:00:00,A,2015-05-25 21:36:00
1b50eb0b-e9a1-40a8-b8af-391bab2fc811,va,10000.00,2015-04-01 00:00:00,2015-04-30 00:00:00,A,2015-05-25 21:44:12
1b7b7315-1f27-4ff3-941d-34fa206b1149,pw,1000000.00,2015-05-01 00:00:00,2025-05-30 00:00:00,A,2015-05-25 21:37:45
1bb4af77-2eb6-4a98-a2a9-af7141ab2adb,wf,1000000.00,2015-05-01 00:00:00,2025-05-30 00:00:00,A,2015-05-25 21:38:40
1d63b470-0900-4309-9d1e-dd3313989059,to,1000000.00,2015-05-01 00:00:00,2025-05-30 00:00:00,A,2015-05-25 21:38:25
1da4921f-d677-4b32-b3f7-9cac45f937ca,tk,10000.00,2015-04-01 00:00:00,2015-04-30 00:00:00,A,2015-05-25 21:45:46
1dd9b857-b08e-422f-a541-677b976a5c50,sa,10000.00,2015-04-01 00:00:00,2015-04-30 00:00:00,A,2015-05-25 21:45:25
1f67d4df-fee2-43dc-b5f9-58f75188291b,be,1000000.00,2015-05-01 00:00:00,2025-05-30 00:00:00,A,2015-05-25 21:35:58
1fa4cc7e-fdb5-40bf-b30f-2434a36e2012,na,1000000.00,2015-05-01 00:00:00,2025-05-30 00:00:00,A,2015-05-25 21:37:32
213f25e7-7bee-4f30-abd1-98710481770e,kw,1000000.00,2015-05-01 00:00:00,2025-05-30 00:00:00,A,2015-05-25 21:37:09
21df0488-b051-4ae8-8dfa-56ce1a3fcd3d,so,1000000.00,2015-05-01 00:00:00,2025-05-30 00:00:00,A,2015-05-25 21:38:10
232bc2f0-9d52-44da-a64d-fb927d1941f7,sr,1000000.00,2015-05-01 00:00:00,2025-05-30 00:00:00,A,2015-05-25 21:38:16
2407417f-68c4-4e84-88da-9b6fcc3b2243,tv,10000.00,2015-04-01 00:00:00,2015-04-30 00:00:00,A,2015-05-25 21:45:52
25ac1c6e-d325-4bbf-b1bd-4f75b44581d0,tw,10000.00,2015-04-01 00:00:00,2015-04-30 00:00:00,A,2015-05-25 21:45:12
272c1e5f-2382-49c1-8421-07024478dac5,cc,1000000.00,2015-05-01 00:00:00,2025-05-30 00:00:00,A,2015-05-25 21:36:17
27328be9-7f1d-416a-90ba-c303fbf6d99c,tl,1000000.00,2015-05-01 00:00:00,2025-05-30 00:00:00,A,2015-05-25 21:38:22
276bf88e-c333-48d0-81c9-38d9a8c9d237,hk,10000.00,2015-04-01 00:00:00,2015-04-30 00:00:00,A,2015-05-25 21:44:13
277482bb-7df0-451c-8db3-af0dbb2aff7b,do,10000.00,2015-04-01 00:00:00,2015-04-30 00:00:00,A,2015-05-25 21:43:47
27bc568a-2b3c-4e84-ab8a-cbcf3e7d982f,it,10000.00,2015-04-01 00:00:00,2015-04-30 00:00:00,A,2015-05-25 21:44:21
27ced7b9-af6b-4db2-ab1f-a44a366ef188,pg,1000000.00,2015-05-01 00:00:00,2025-05-30 00:00:00,A,2015-05-25 21:37:46
29692177-f512-4b0d-948a-cd470116999f,ke,10000.00,2015-04-01 00:00:00,2015-04-30 00:00:00,A,2015-05-25 21:44:25
29b02f4c-061e-47eb-8840-9ee5d43c2381,km,1000000.00,2015-05-01 00:00:00,2025-05-30 00:00:00,A,2015-05-25 21:36:19
2ac12a25-988b-488a-80c7-04987a1bda8d,sm,1000000.00,2015-05-01 00:00:00,2025-05-30 00:00:00,A,2015-05-25 21:38:02
2c45803b-870a-45a8-82ca-b4d0d4861cf0,lb,1000000.00,2015-05-01 00:00:00,2025-05-30 00:00:00,A,2015-05-25 21:37:12
2caa2509-6765-463a-80f8-0a07720f7f5b,kg,1000000.00,2015-05-01 00:00:00,2025-05-30 00:00:00,A,2015-05-25 21:37:09
2cb7d999-8bcb-4379-9ea0-135283c3a48f,co,1000000.00,2015-05-01 00:00:00,2025-05-30 00:00:00,A,2015-05-25 21:36:18
2cb95344-2327-429d-8862-5d9b90e14195,bn,10000.00,2015-04-01 00:00:00,2015-04-30 00:00:00,A,2015-05-25 21:43:26
2d2cc07c-51c3-45a1-a43c-0f37aeffdb20,cn,1000000.00,2015-05-01 00:00:00,2025-05-30 00:00:00,A,2015-05-25 21:36:16
2ebc7c77-f27b-490e-92d2-b079c19e4d32,je,10000.00,2015-04-01 00:00:00,2015-04-30 00:00:00,A,2015-05-25 21:44:23
2f3c7996-9645-4f1c-843a-d95307885c81,re,10000.00,2015-04-01 00:00:00,2015-04-30 00:00:00,A,2015-05-25 21:45:16
2f418232-82bc-49dc-9ad6-0834e20445ae,to,10000.00,2015-04-01 00:00:00,2015-04-30 00:00:00,A,2015-05-25 21:45:47
2f45b2aa-3153-4fc8-b9b0-eb692bc62755,ae,10000.00,2015-04-01 00:00:00,2015-04-30 00:00:00,A,2015-05-25 21:45:55
2f5c0ff7-11d8-433f-be13-3ab65f71c096,bs,1000000.00,2015-05-01 00:00:00,2025-05-30 00:00:00,A,2015-05-25 21:35:55
2f7aa536-2e5e-4d02-b367-bf5f5a4f1b09,sv,10000.00,2015-04-01 00:00:00,2015-04-30 00:00:00,A,2015-05-25 21:43:49
300d968d-da55-4bec-825b-bc9a5e838863,se,10000.00,2015-04-01 00:00:00,2015-04-30 00:00:00,A,2015-05-25 21:45:39
302be207-21c1-4659-a4ad-81b0ee0ca1b6,ly,10000.00,2015-04-01 00:00:00,2015-04-30 00:00:00,A,2015-05-25 21:44:32
3087af53-61d9-46d8-bacc-c3c2e7e52d7f,bt,1000000.00,2015-05-01 00:00:00,2025-05-30 00:00:00,A,2015-05-25 21:36:01
322c11dc-ce5c-4101-bb41-06285b15a73d,gg,10000.00,2015-04-01 00:00:00,2015-04-30 00:00:00,A,2015-05-25 21:44:08
325c17a0-1611-4f04-96d6-95869b54e7ed,bf,10000.00,2015-04-01 00:00:00,2015-04-30 00:00:00,A,2015-05-25 21:43:27
32650f9a-b2a7-4b6c-81ad-262edb62e2a5,mg,1000000.00,2015-05-01 00:00:00,2025-05-30 00:00:00,A,2015-05-25 21:37:18
32670b41-b07d-479e-9e41-78e759c662c3,nr,10000.00,2015-04-01 00:00:00,2015-04-30 00:00:00,A,2015-05-25 21:44:50
326b7c81-e753-43e3-b530-6cab82e7ea8a,bw,10000.00,2015-04-01 00:00:00,2015-04-30 00:00:00,A,2015-05-25 21:43:22
32b4e92a-a405-478c-a290-fe4d03966a89,tc,10000.00,2015-04-01 00:00:00,2015-04-30 00:00:00,A,2015-05-25 21:45:51
336bde8d-6784-4384-916f-e3c83ee2b29e,ki,1000000.00,2015-05-01 00:00:00,2025-05-30 00:00:00,A,2015-05-25 21:37:08
336f332f-fa29-468b-9fd8-f800ce3cb75f,tr,1000000.00,2015-05-01 00:00:00,2025-05-30 00:00:00,A,2015-05-25 21:38:27
33c598c4-2389-4a0a-98da-26dd06120b1c,ht,1000000.00,2015-05-01 00:00:00,2025-05-30 00:00:00,A,2015-05-25 21:36:53
33c8db88-6f46-4680-bc5c-b2a4c9da6b31,ws,10000.00,2015-04-01 00:00:00,2015-04-30 00:00:00,A,2015-05-25 21:45:23
33cb0718-9bcd-47ca-ab6c-0ffa2395e8a7,sm,10000.00,2015-04-01 00:00:00,2015-04-30 00:00:00,A,2015-05-25 21:45:24
33ee85f1-90a6-4607-b594-c846c2c13e4c,az,10000.00,2015-04-01 00:00:00,2015-04-30 00:00:00,A,2015-05-25 21:43:12
34a209fd-b3a5-407c-b108-23f26eb026fc,af,1000000.00,2015-05-01 00:00:00,2025-05-30 00:00:00,A,2015-05-25 21:35:44
34b46cab-eb7d-4a7f-b9c7-63f466a44a89,ru,1000000.00,2015-05-01 00:00:00,2025-05-30 00:00:00,A,2015-05-25 21:37:56
35d9b8ba-9328-4764-85f2-1804e6aa1456,aw,1000000.00,2015-05-01 00:00:00,2025-05-30 00:00:00,A,2015-05-25 21:35:52
35efef4f-fd8f-47f5-aa9d-260268df5a1e,cu,1000000.00,2015-05-01 00:00:00,2025-05-30 00:00:00,A,2015-05-25 21:36:23
36262a18-8c81-4cc4-9d0b-c81bf9581edd,bv,1000000.00,2015-05-01 00:00:00,2025-05-30 00:00:00,A,2015-05-25 21:36:04
36a57279-550f-4f75-b530-16ea34177c4f,pr,10000.00,2015-04-01 00:00:00,2015-04-30 00:00:00,A,2015-05-25 21:45:13
36f0ae43-71fe-4052-b060-a164462480a0,in,1000000.00,2015-05-01 00:00:00,2025-05-30 00:00:00,A,2015-05-25 21:36:58
38341813-dfac-4c71-9b6a-054836e16d91,ms,1000000.00,2015-05-01 00:00:00,2025-05-30 00:00:00,A,2015-05-25 21:37:29
38c28067-d20e-4c3d-967e-32b249e7c56f,gr,1000000.00,2015-05-01 00:00:00,2025-05-30 00:00:00,A,2015-05-25 21:36:45
38dd968b-e802-4346-9450-79e981cfccaa,cc,10000.00,2015-04-01 00:00:00,2015-04-30 00:00:00,A,2015-05-25 21:43:36
38e53510-003f-42a6-b6c2-440d80bf8503,ag,1000000.00,2015-05-01 00:00:00,2025-05-30 00:00:00,A,2015-05-25 21:35:49
39bd7a8e-2d1b-4ed6-8f31-2a1e9ea1bc9d,gb,10000.00,2015-04-01 00:00:00,2015-04-30 00:00:00,A,2015-05-25 21:45:56
3a5b8f83-edc4-4c6b-998a-03d7cb8eda95,hu,10000.00,2015-04-01 00:00:00,2015-04-30 00:00:00,A,2015-05-25 21:44:14
3a655457-6dbb-4a4e-919f-934f88bf8e55,do,1000000.00,2015-05-01 00:00:00,2025-05-30 00:00:00,A,2015-05-25 21:36:28
3b820b70-9ee2-480f-baa8-887a793bf92b,sz,1000000.00,2015-05-01 00:00:00,2025-05-30 00:00:00,A,2015-05-25 21:38:16
3bebed4e-3f34-45e1-b45e-a858aa343f6d,dj,1000000.00,2015-05-01 00:00:00,2025-05-30 00:00:00,A,2015-05-25 21:36:27
3bf8d14d-891d-4c35-baff-b9c3e462179f,bb,1000000.00,2015-05-01 00:00:00,2025-05-30 00:00:00,A,2015-05-25 21:35:57
3c003b36-ac4c-4e90-b39a-1b7bcb6f34af,dm,10000.00,2015-04-01 00:00:00,2015-04-30 00:00:00,A,2015-05-25 21:43:46
3c10d936-55e8-4fec-aca7-0c1227ccb4b7,si,10000.00,2015-04-01 00:00:00,2015-04-30 00:00:00,A,2015-05-25 21:45:32
3cc66dba-09c9-403d-bc4f-931906bc105f,fr,10000.00,2015-04-01 00:00:00,2015-04-30 00:00:00,A,2015-05-25 21:43:56
3d4952dd-f847-4f04-bb90-261ad434abf5,ml,1000000.00,2015-05-01 00:00:00,2025-05-30 00:00:00,A,2015-05-25 21:37:21
3d70b573-c0a3-4702-a4b1-2b7d14d02069,tz,10000.00,2015-04-01 00:00:00,2015-04-30 00:00:00,A,2015-05-25 21:45:57
3e062e76-48e4-49d8-aae2-b5ab3e3eba85,st,1000000.00,2015-05-01 00:00:00,2025-05-30 00:00:00,A,2015-05-25 21:38:03
3e3ac433-d7ea-4c94-be86-6bedb3660966,ie,1000000.00,2015-05-01 00:00:00,2025-05-30 00:00:00,A,2015-05-25 21:37:00
3e5f0136-61d5-4ddc-9d29-82a822df1785,af,10000.00,2015-04-01 00:00:00,2015-04-30 00:00:00,A,2015-05-25 21:43:03
3f30a3cb-46a5-4e1b-bbd1-8b475479a009,th,1000000.00,2015-05-01 00:00:00,2025-05-30 00:00:00,A,2015-05-25 21:38:20
3fc3e97f-b555-4250-b6f6-b294f0c9f7c7,cv,1000000.00,2015-05-01 00:00:00,2025-05-30 00:00:00,A,2015-05-25 21:36:12
401167ab-5507-4a5b-9f31-e95666cbe7b4,ba,1000000.00,2015-05-01 00:00:00,2025-05-30 00:00:00,A,2015-05-25 21:36:03
40577b50-29bd-4a14-beb8-3ad0dd52a711,ci,1000000.00,2015-05-01 00:00:00,2025-05-30 00:00:00,A,2015-05-25 21:36:22
4059ba0e-40f8-4f33-9789-a11d13ca6f51,us,1000000.00,2015-05-01 00:00:00,2025-05-30 00:00:00,A,2015-05-25 21:38:34
41589d37-d961-4c77-a164-69fa085fea40,bf,1000000.00,2015-05-01 00:00:00,2025-05-30 00:00:00,A,2015-05-25 21:36:09
41ebafc9-f4ac-4741-822b-705f99fbb945,pl,1000000.00,2015-05-01 00:00:00,2025-05-30 00:00:00,A,2015-05-25 21:37:50
42d61228-046f-4173-9063-c2c7f820774f,ps,1000000.00,2015-05-01 00:00:00,2025-05-30 00:00:00,A,2015-05-25 21:37:42
42e27c39-24a3-4f4b-ab7d-26a3699fd7a6,rs,10000.00,2015-04-01 00:00:00,2015-04-30 00:00:00,A,2015-05-25 21:45:27
44182da1-52d8-462c-9ade-2fb06003b599,ng,1000000.00,2015-05-01 00:00:00,2025-05-30 00:00:00,A,2015-05-25 21:37:39
441a0479-7d1f-4641-9b75-a520bfb9d613,mo,10000.00,2015-04-01 00:00:00,2015-04-30 00:00:00,A,2015-05-25 21:44:35
447fc8d5-76fb-4c97-b47e-382fba765b9c,bz,10000.00,2015-04-01 00:00:00,2015-04-30 00:00:00,A,2015-05-25 21:43:18
4503ae6f-21d3-435f-b2c2-4af7e1ed243f,sl,10000.00,2015-04-01 00:00:00,2015-04-30 00:00:00,A,2015-05-25 21:45:29
45cd7d5b-bcb9-468d-a39f-8631fd042853,ga,10000.00,2015-04-01 00:00:00,2015-04-30 00:00:00,A,2015-05-25 21:43:59
468c47fa-4714-4bb2-b0cb-b224f54e225b,gt,10000.00,2015-04-01 00:00:00,2015-04-30 00:00:00,A,2015-05-25 21:44:07
46bb7310-de94-4c19-a948-fb80939288d4,gq,1000000.00,2015-05-01 00:00:00,2025-05-30 00:00:00,A,2015-05-25 21:36:31
46e5397b-742d-4de3-88a4-788138e1a891,ms,10000.00,2015-04-01 00:00:00,2015-04-30 00:00:00,A,2015-05-25 21:44:46
47755667-5c82-4478-ba8e-86701da8ceb4,at,10000.00,2015-04-01 00:00:00,2015-04-30 00:00:00,A,2015-05-25 21:43:12
48726bf6-d363-490a-ac3b-625f931c0c24,qa,10000.00,2015-04-01 00:00:00,2015-04-30 00:00:00,A,2015-05-25 21:45:14
48dda494-b012-4cf7-8b65-327fe5f06736,ci,10000.00,2015-04-01 00:00:00,2015-04-30 00:00:00,A,2015-05-25 21:43:40
48f44be4-1985-48c3-a8a7-d42adbcf4efd,bs,10000.00,2015-04-01 00:00:00,2015-04-30 00:00:00,A,2015-05-25 21:43:13
49032122-7a73-4d11-ba8b-fa11c3792788,fj,1000000.00,2015-05-01 00:00:00,2025-05-30 00:00:00,A,2015-05-25 21:36:36
498b21b3-13ee-479c-ba91-e75e1804722c,am,10000.00,2015-04-01 00:00:00,2015-04-30 00:00:00,A,2015-05-25 21:43:10
49d0a2c2-9f5e-4718-bb1d-e3e45a92eabc,ad,10000.00,2015-04-01 00:00:00,2015-04-30 00:00:00,A,2015-05-25 21:43:06
4a02b116-ff2c-4eea-99cf-51564c22a716,tm,1000000.00,2015-05-01 00:00:00,2025-05-30 00:00:00,A,2015-05-25 21:38:27
4a2a54f3-f779-42f1-8fca-b017d5b36a05,lr,10000.00,2015-04-01 00:00:00,2015-04-30 00:00:00,A,2015-05-25 21:44:31
4ab9cd4d-0ff4-4f42-af34-dc9fd035444f,ca,10000.00,2015-04-01 00:00:00,2015-04-30 00:00:00,A,2015-05-25 21:43:30
4d44267d-9f40-4d25-b204-6d337ac2334f,sn,1000000.00,2015-05-01 00:00:00,2025-05-30 00:00:00,A,2015-05-25 21:38:04
4da926b5-188d-45ef-92c9-ba3a380fdfd7,bd,10000.00,2015-04-01 00:00:00,2015-04-30 00:00:00,A,2015-05-25 21:43:15
4ded0cbc-2f9c-4331-9d7f-a18ea45c7ce7,tt,1000000.00,2015-05-01 00:00:00,2025-05-30 00:00:00,A,2015-05-25 21:38:25
4dedee26-af20-401a-b55c-25978eae4dbc,eg,1000000.00,2015-05-01 00:00:00,2025-05-30 00:00:00,A,2015-05-25 21:36:30
4df2bb83-1bef-412d-89b9-57e07ed48abf,sg,10000.00,2015-04-01 00:00:00,2015-04-30 00:00:00,A,2015-05-25 21:45:30
4f5618b7-867e-41c1-a430-dce5eae13f21,fr,1000000.00,2015-05-01 00:00:00,2025-05-30 00:00:00,A,2015-05-25 21:36:38
506222ae-6b5b-4f02-b4ea-367f175bcc35,cl,1000000.00,2015-05-01 00:00:00,2025-05-30 00:00:00,A,2015-05-25 21:36:15
51775385-5e3a-4c8c-bef6-0ef49aed7b74,kw,10000.00,2015-04-01 00:00:00,2015-04-30 00:00:00,A,2015-05-25 21:44:26
5278678e-c019-4c5c-9315-29d13ae2eabb,gl,10000.00,2015-04-01 00:00:00,2015-04-30 00:00:00,A,2015-05-25 21:44:04
533e24de-e9f7-4447-829e-24fbf91b961e,lv,10000.00,2015-04-01 00:00:00,2015-04-30 00:00:00,A,2015-05-25 21:44:29
536cf9cf-e67e-48f5-9fd6-85481bbd28a3,ge,1000000.00,2015-05-01 00:00:00,2025-05-30 00:00:00,A,2015-05-25 21:36:42
53ab3ec2-9c5c-429c-82fe-c41fe967dd99,ua,1000000.00,2015-05-01 00:00:00,2025-05-30 00:00:00,A,2015-05-25 21:38:31
5452b661-c567-4a4d-ae0d-22cf8437c351,de,10000.00,2015-04-01 00:00:00,2015-04-30 00:00:00,A,2015-05-25 21:44:01
550b755b-a2d7-4d3e-a7fb-336640333c2b,mq,1000000.00,2015-05-01 00:00:00,2025-05-30 00:00:00,A,2015-05-25 21:37:23
552f0c0a-2dbe-4ff8-a515-c97ea3941db7,my,10000.00,2015-04-01 00:00:00,2015-04-30 00:00:00,A,2015-05-25 21:44:37
55b0def5-a06d-44c3-a4e5-7c403be2d085,lc,10000.00,2015-04-01 00:00:00,2015-04-30 00:00:00,A,2015-05-25 21:45:20
56d1bf05-369f-4cb8-af70-ad3087c52acf,bm,10000.00,2015-04-01 00:00:00,2015-04-30 00:00:00,A,2015-05-25 21:43:19
57dc8ccb-a8ed-48b8-96d1-d510e9e4bf08,za,10000.00,2015-04-01 00:00:00,2015-04-30 00:00:00,A,2015-05-25 21:45:34
58351e32-c35e-4201-94d0-aca9b53a9521,lb,10000.00,2015-04-01 00:00:00,2015-04-30 00:00:00,A,2015-05-25 21:44:29
58a91d9e-2486-48bf-ac6b-aacb0a4b26d5,na,10000.00,2015-04-01 00:00:00,2015-04-30 00:00:00,A,2015-05-25 21:44:49
591b8a33-ea65-4d07-9bc6-7f2313290086,pr,1000000.00,2015-05-01 00:00:00,2025-05-30 00:00:00,A,2015-05-25 21:37:52
5a4967bb-3982-466c-b2a6-11b96f7dbf9e,rs,1000000.00,2015-05-01 00:00:00,2025-05-30 00:00:00,A,2015-05-25 21:38:05
5bccf6f8-9977-402c-9aec-926f1b07e052,cx,1000000.00,2015-05-01 00:00:00,2025-05-30 00:00:00,A,2015-05-25 21:36:17
5ca058c9-f2c7-48d2-9ff1-374193902311,es,1000000.00,2015-05-01 00:00:00,2025-05-30 00:00:00,A,2015-05-25 21:38:12
5cb5cc30-1599-4d3a-a95d-6fa62cc7b06e,hu,1000000.00,2015-05-01 00:00:00,2025-05-30 00:00:00,A,2015-05-25 21:36:56
5d0058d0-dede-464e-85ae-6e6e1eac11c2,zw,10000.00,2015-04-01 00:00:00,2015-04-30 00:00:00,A,2015-05-25 21:46:05
5e4fbd51-b0cf-45cd-bf27-d794c2fa44bf,tn,10000.00,2015-04-01 00:00:00,2015-04-30 00:00:00,A,2015-05-25 21:45:49
5e5b2686-f78b-456b-b552-1f2527c94366,cg,1000000.00,2015-05-01 00:00:00,2025-05-30 00:00:00,A,2015-05-25 21:36:20
5fad931d-8eb2-46da-bbd5-b494947fa333,lu,1000000.00,2015-05-01 00:00:00,2025-05-30 00:00:00,A,2015-05-25 21:37:16
5fb40a1f-e2a8-43ef-80f7-81e8429c114a,sc,10000.00,2015-04-01 00:00:00,2015-04-30 00:00:00,A,2015-05-25 21:45:28
5fffb2d1-8338-441f-aefa-c900cbc61e0f,cf,10000.00,2015-04-01 00:00:00,2015-04-30 00:00:00,A,2015-05-25 21:43:32
6066ed8a-81dc-4f73-95c7-7d23795ba447,so,10000.00,2015-04-01 00:00:00,2015-04-30 00:00:00,A,2015-05-25 21:45:33
614b09bc-3a21-45fc-8f67-1a0f78fc48f8,zm,1000000.00,2015-05-01 00:00:00,2025-05-30 00:00:00,A,2015-05-25 21:38:42
6273965a-eb45-4883-8253-9c2c7da3d850,is,10000.00,2015-04-01 00:00:00,2015-04-30 00:00:00,A,2015-05-25 21:44:15
6395c7fd-43e0-4d1f-b1e1-6b410bc6914e,sh,10000.00,2015-04-01 00:00:00,2015-04-30 00:00:00,A,2015-05-25 21:45:19
63a7d184-3857-4af6-8c4d-7fd1b3404699,it,1000000.00,2015-05-01 00:00:00,2025-05-30 00:00:00,A,2015-05-25 21:37:03
64310e95-3d6d-47cc-aacd-eb750986970c,va,1000000.00,2015-05-01 00:00:00,2025-05-30 00:00:00,A,2015-05-25 21:36:54
6493c1ec-3a8e-44c5-acf6-c0759adf8ae1,gu,10000.00,2015-04-01 00:00:00,2015-04-30 00:00:00,A,2015-05-25 21:44:06
65035fe0-e08e-46ed-a905-8384c11433e6,am,1000000.00,2015-05-01 00:00:00,2025-05-30 00:00:00,A,2015-05-25 21:35:51
65e85dcb-08a3-4a7e-8c97-74970fce0306,sr,10000.00,2015-04-01 00:00:00,2015-04-30 00:00:00,A,2015-05-25 21:45:38
661c971f-d73b-4c9b-9ff0-938443d5486d,fj,10000.00,2015-04-01 00:00:00,2015-04-30 00:00:00,A,2015-05-25 21:43:55
666fa30a-7acd-40aa-b5d8-ebb89f280f00,gn,10000.00,2015-04-01 00:00:00,2015-04-30 00:00:00,A,2015-05-25 21:44:08
66ba9601-e45d-42bb-9080-8102d0def12f,uy,1000000.00,2015-05-01 00:00:00,2025-05-30 00:00:00,A,2015-05-25 21:38:35
66c348ec-3520-4227-997f-0201fedc0623,ck,10000.00,2015-04-01 00:00:00,2015-04-30 00:00:00,A,2015-05-25 21:43:39
66fd845e-242b-40f8-b23d-d4356f0ca95f,cn,10000.00,2015-04-01 00:00:00,2015-04-30 00:00:00,A,2015-05-25 21:43:34
670bf753-69c1-499d-a36e-b19bb575664b,mx,10000.00,2015-04-01 00:00:00,2015-04-30 00:00:00,A,2015-05-25 21:44:43
68400986-f9e7-45aa-9b2d-42efbc91ca35,li,10000.00,2015-04-01 00:00:00,2015-04-30 00:00:00,A,2015-05-25 21:44:32
68652be5-f281-4e84-8221-ea1fd1b36364,ca,1000000.00,2015-05-01 00:00:00,2025-05-30 00:00:00,A,2015-05-25 21:36:11
69bd3781-39ee-4a3a-9d14-6cfc171ccd53,pt,1000000.00,2015-05-01 00:00:00,2025-05-30 00:00:00,A,2015-05-25 21:37:50
69fa287a-f7fe-4797-a85d-0a6f965e3d56,md,10000.00,2015-04-01 00:00:00,2015-04-30 00:00:00,A,2015-05-25 21:45:15
6acfd130-0bfa-4559-ad02-00afc970598e,om,1000000.00,2015-05-01 00:00:00,2025-05-30 00:00:00,A,2015-05-25 21:37:43
6be4b494-dd29-46cf-b015-3697ad57cf9f,mc,10000.00,2015-04-01 00:00:00,2015-04-30 00:00:00,A,2015-05-25 21:44:44
6cb59dc4-6561-4513-93bf-5ce8af0eaa16,ai,10000.00,2015-04-01 00:00:00,2015-04-30 00:00:00,A,2015-05-25 21:43:07
6cc0a4e3-21a0-4597-99f9-d48fc5b48934,mm,1000000.00,2015-05-01 00:00:00,2025-05-30 00:00:00,A,2015-05-25 21:37:31
6ce9e5ac-967a-4acb-b571-ec83fe57b03f,bt,10000.00,2015-04-01 00:00:00,2015-04-30 00:00:00,A,2015-05-25 21:43:20
6d7f4a21-418c-4462-a3a0-073058ac3327,gi,10000.00,2015-04-01 00:00:00,2015-04-30 00:00:00,A,2015-05-25 21:44:03
6db31255-6d1a-4001-80cf-56f54c35a3cc,tj,10000.00,2015-04-01 00:00:00,2015-04-30 00:00:00,A,2015-05-25 21:45:42
6eddbc9c-5159-4b85-815e-77e6b133db4c,bv,10000.00,2015-04-01 00:00:00,2015-04-30 00:00:00,A,2015-05-25 21:43:23
6ee36acb-9451-4683-9b46-0a74a4db8371,kz,1000000.00,2015-05-01 00:00:00,2025-05-30 00:00:00,A,2015-05-25 21:37:07
6fe8e10d-cff2-49a8-a423-e169e1f611b6,ne,10000.00,2015-04-01 00:00:00,2015-04-30 00:00:00,A,2015-05-25 21:44:55
703e58ae-2c9f-4124-b976-ca12902f60d8,vg,1000000.00,2015-05-01 00:00:00,2025-05-30 00:00:00,A,2015-05-25 21:36:06
70eb87ae-19b1-41a9-bcf0-779da2f58693,re,1000000.00,2015-05-01 00:00:00,2025-05-30 00:00:00,A,2015-05-25 21:37:55
714eb5c2-4c17-45ef-840b-0fbdc28dedd5,kh,1000000.00,2015-05-01 00:00:00,2025-05-30 00:00:00,A,2015-05-25 21:36:10
715697bd-e5eb-46ca-8bd4-7e261be9410e,pg,10000.00,2015-04-01 00:00:00,2015-04-30 00:00:00,A,2015-05-25 21:45:05
71a593c6-fb97-43a1-8647-a5949ecf724d,ae,1000000.00,2015-05-01 00:00:00,2025-05-30 00:00:00,A,2015-05-25 21:38:32
72f42c89-9abb-48a8-8bc7-e76ed3e091ef,no,1000000.00,2015-05-01 00:00:00,2025-05-30 00:00:00,A,2015-05-25 21:37:42
737263c8-10a7-4529-81c9-b763a86cf203,cr,1000000.00,2015-05-01 00:00:00,2025-05-30 00:00:00,A,2015-05-25 21:36:21
747f9b9f-8535-4683-8761-9f737e6a1c03,ru,10000.00,2015-04-01 00:00:00,2015-04-30 00:00:00,A,2015-05-25 21:45:17
74cf4a80-4456-49ba-9fdb-fcffaeecbd1e,ls,1000000.00,2015-05-01 00:00:00,2025-05-30 00:00:00,A,2015-05-25 21:37:12
75024f46-77b2-4776-9191-afacfd5ec4f9,gq,10000.00,2015-04-01 00:00:00,2015-04-30 00:00:00,A,2015-05-25 21:43:50
75416a53-3cae-4542-8513-3c3c349deb93,pn,1000000.00,2015-05-01 00:00:00,2025-05-30 00:00:00,A,2015-05-25 21:37:49
75fb2fd3-cd34-45ee-8afe-fd3c1799e0bf,bo,10000.00,2015-04-01 00:00:00,2015-04-30 00:00:00,A,2015-05-25 21:43:21
76238c68-b304-4b24-af15-c8f75ba1731e,sc,1000000.00,2015-05-01 00:00:00,2025-05-30 00:00:00,A,2015-05-25 21:38:06
7679a4e2-dc0c-44db-87c4-3566469ac050,pk,1000000.00,2015-05-01 00:00:00,2025-05-30 00:00:00,A,2015-05-25 21:37:44
76c59b8c-ba4c-4968-b4a4-a0a5c364a612,lt,1000000.00,2015-05-01 00:00:00,2025-05-30 00:00:00,A,2015-05-25 21:37:15
772cb183-03e4-42ae-a284-c205580c2d5d,gh,1000000.00,2015-05-01 00:00:00,2025-05-30 00:00:00,A,2015-05-25 21:36:44
7730b954-3c38-4dbe-8eb7-c8bb4433f021,gr,10000.00,2015-04-01 00:00:00,2015-04-30 00:00:00,A,2015-05-25 21:44:03
7804f833-0139-468a-83c8-5e05aba858da,au,10000.00,2015-04-01 00:00:00,2015-04-30 00:00:00,A,2015-05-25 21:43:11
7815dc72-e71e-4b70-b178-3b02a3e37cc3,fi,1000000.00,2015-05-01 00:00:00,2025-05-30 00:00:00,A,2015-05-25 21:36:37
78365f14-f24b-4e45-88bb-ac824ede9e77,th,10000.00,2015-04-01 00:00:00,2015-04-30 00:00:00,A,2015-05-25 21:45:43
7886187c-25cf-49c8-82e1-f315bf457423,hk,1000000.00,2015-05-01 00:00:00,2025-05-30 00:00:00,A,2015-05-25 21:36:56
7a4b03bf-813f-4c7e-9a6d-117f85e7dd11,zw,1000000.00,2015-05-01 00:00:00,2025-05-30 00:00:00,A,2015-05-25 21:38:42
7ab32dd5-cbcc-43d5-a120-6b8c71555320,ga,1000000.00,2015-05-01 00:00:00,2025-05-30 00:00:00,A,2015-05-25 21:36:41
7aba2cfb-a422-4240-92b3-592bf41f633d,ve,10000.00,2015-04-01 00:00:00,2015-04-30 00:00:00,A,2015-05-25 21:46:01
7c40b644-1b95-401e-8ff8-fe14c611076c,fk,10000.00,2015-04-01 00:00:00,2015-04-30 00:00:00,A,2015-05-25 21:43:52
7c702b84-e4a9-4906-b367-c143d3df1023,be,10000.00,2015-04-01 00:00:00,2015-04-30 00:00:00,A,2015-05-25 21:43:17
7cdaffed-c9dc-42f2-a9fa-ea481fca8494,mn,10000.00,2015-04-01 00:00:00,2015-04-30 00:00:00,A,2015-05-25 21:44:45
7cdff62b-92dc-4b61-8acd-e0e4f0dd5315,ht,10000.00,2015-04-01 00:00:00,2015-04-30 00:00:00,A,2015-05-25 21:44:11
7ceefdb1-28db-4bdc-a872-308e37627301,km,10000.00,2015-04-01 00:00:00,2015-04-30 00:00:00,A,2015-05-25 21:43:37
7d1f8092-a8c8-4486-aaac-a441e85e6064,mz,1000000.00,2015-05-01 00:00:00,2025-05-30 00:00:00,A,2015-05-25 21:37:31
7d577c21-24d8-4747-9668-72e573aa4fe4,hm,10000.00,2015-04-01 00:00:00,2015-04-30 00:00:00,A,2015-05-25 21:44:11
7d58f9c7-0325-4d2c-8fed-14d3750607bd,ee,1000000.00,2015-05-01 00:00:00,2025-05-30 00:00:00,A,2015-05-25 21:36:33
7d741837-9c2c-4d8f-a9f7-b990fb308971,vn,10000.00,2015-04-01 00:00:00,2015-04-30 00:00:00,A,2015-05-25 21:46:01
7d82e254-c389-4005-b353-6b38713e449a,mk,10000.00,2015-04-01 00:00:00,2015-04-30 00:00:00,A,2015-05-25 21:45:44
7e2531d1-38af-4001-bf6f-1af0676b968d,ro,10000.00,2015-04-01 00:00:00,2015-04-30 00:00:00,A,2015-05-25 21:45:17
7e2b5400-9b24-4de5-82b3-54fb73bf99b8,gf,1000000.00,2015-05-01 00:00:00,2025-05-30 00:00:00,A,2015-05-25 21:36:39
7e3f027c-3920-45e5-8ed8-5e31bd7c4cbb,sl,1000000.00,2015-05-01 00:00:00,2025-05-30 00:00:00,A,2015-05-25 21:38:06
7e494c1c-ed74-4b6e-b9ec-f7d24d91a1ed,ky,10000.00,2015-04-01 00:00:00,2015-04-30 00:00:00,A,2015-05-25 21:43:31
7e496adb-28a6-41e0-b0db-1cb7b6329c0f,at,1000000.00,2015-05-01 00:00:00,2025-05-30 00:00:00,A,2015-05-25 21:35:53
7e4c045f-fa0e-4f22-b9d2-9bc37cb58739,md,1000000.00,2015-05-01 00:00:00,2025-05-30 00:00:00,A,2015-05-25 21:37:54
7e6ba756-479e-4ac1-863a-3623a78dfef0,bo,1000000.00,2015-05-01 00:00:00,2025-05-30 00:00:00,A,2015-05-25 21:36:02
7fdc932f-f311-4946-a0b6-3d0e05f2385a,jp,1000000.00,2015-05-01 00:00:00,2025-05-30 00:00:00,A,2015-05-25 21:37:04
7fe9640d-2d47-4e05-b96e-725bd811da47,ky,1000000.00,2015-05-01 00:00:00,2025-05-30 00:00:00,A,2015-05-25 21:36:13
800e41fe-24f1-4f7d-a9df-616a9b2443cd,an,10000.00,2015-04-01 00:00:00,2015-04-30 00:00:00,A,2015-05-25 21:44:52
805c40fd-8e31-4929-8c9a-23479b38868c,bi,10000.00,2015-04-01 00:00:00,2015-04-30 00:00:00,A,2015-05-25 21:43:28
805d8910-a5de-41e0-aec4-18ddfbc2b5fc,uy,10000.00,2015-04-01 00:00:00,2015-04-30 00:00:00,A,2015-05-25 21:45:58
806c990d-5ba7-4492-b9ba-8162e800ac40,bw,1000000.00,2015-05-01 00:00:00,2025-05-30 00:00:00,A,2015-05-25 21:36:03
80e6f9dd-7c95-4a7d-999c-e7844676cb40,rw,1000000.00,2015-05-01 00:00:00,2025-05-30 00:00:00,A,2015-05-25 21:37:57
8243315e-1441-4852-b038-558110abccd8,ie,10000.00,2015-04-01 00:00:00,2015-04-30 00:00:00,A,2015-05-25 21:44:18
82d038ec-3b9f-48c8-8fe6-37a3337f45fe,cl,10000.00,2015-04-01 00:00:00,2015-04-30 00:00:00,A,2015-05-25 21:43:34
82d64f17-6090-4594-a25f-715b21370d38,mv,1000000.00,2015-05-01 00:00:00,2025-05-30 00:00:00,A,2015-05-25 21:37:20
830e16a3-9fee-4b4e-9848-9a58ca0ee6bc,sk,10000.00,2015-04-01 00:00:00,2015-04-30 00:00:00,A,2015-05-25 21:45:31
83cd29c3-da6b-49d7-ae83-5597a68ac04a,la,10000.00,2015-04-01 00:00:00,2015-04-30 00:00:00,A,2015-05-25 21:44:28
846ade5b-218c-4338-853e-d1bb34d3587e,by,10000.00,2015-04-01 00:00:00,2015-04-30 00:00:00,A,2015-05-25 21:43:16
84779a04-ffa1-4444-9635-81ccbf2b7de6,an,1000000.00,2015-05-01 00:00:00,2025-05-30 00:00:00,A,2015-05-25 21:37:35
84e5e001-26af-4c63-8ddf-7fbe589db2f8,ir,1000000.00,2015-05-01 00:00:00,2025-05-30 00:00:00,A,2015-05-25 21:37:01
84f590da-7774-4fb5-acd9-8f95d3cb607d,st,10000.00,2015-04-01 00:00:00,2015-04-30 00:00:00,A,2015-05-25 21:45:24
85b9647c-d0b8-4b75-8995-78b932a63920,fm,10000.00,2015-04-01 00:00:00,2015-04-30 00:00:00,A,2015-05-25 21:43:54
86503ddd-0e77-4f73-af74-6a013abd0b18,gh,10000.00,2015-04-01 00:00:00,2015-04-30 00:00:00,A,2015-05-25 21:44:02
883c51fc-ed38-4820-bed0-324544532837,kn,10000.00,2015-04-01 00:00:00,2015-04-30 00:00:00,A,2015-05-25 21:45:20
888d38f5-c81d-4d5f-81f2-d29d66d179d2,vn,1000000.00,2015-05-01 00:00:00,2025-05-30 00:00:00,A,2015-05-25 21:38:39
88942529-53c2-4e7d-8913-b6bd88086fe3,mn,1000000.00,2015-05-01 00:00:00,2025-05-30 00:00:00,A,2015-05-25 21:37:28
89219cbf-fb1a-4b4c-a395-0b6d46ff9db8,mz,10000.00,2015-04-01 00:00:00,2015-04-30 00:00:00,A,2015-05-25 21:44:48
897fefcb-7dce-474b-b7e0-d64ccce488d4,ma,10000.00,2015-04-01 00:00:00,2015-04-30 00:00:00,A,2015-05-25 21:44:47
89cd3822-b53d-4833-9ba8-6a45d0b2180f,br,10000.00,2015-04-01 00:00:00,2015-04-30 00:00:00,A,2015-05-25 21:43:23
8a05e556-c4f6-47f8-88a2-edc090c42188,lc,1000000.00,2015-05-01 00:00:00,2025-05-30 00:00:00,A,2015-05-25 21:37:59
8afe9a1a-4767-4539-a1e6-b9b2094bca7a,ec,1000000.00,2015-05-01 00:00:00,2025-05-30 00:00:00,A,2015-05-25 21:36:29
8c4a8ce2-f05c-4573-9d4a-ad8a0cc69f39,nf,10000.00,2015-04-01 00:00:00,2015-04-30 00:00:00,A,2015-05-25 21:44:57
8c6a565c-9f7e-433e-b170-d3f43b395cb3,nf,1000000.00,2015-05-01 00:00:00,2025-05-30 00:00:00,A,2015-05-25 21:37:40
8d5caf17-39d2-42b9-b386-d9e2c690f06a,bg,10000.00,2015-04-01 00:00:00,2015-04-30 00:00:00,A,2015-05-25 21:43:26
8dac9f52-b438-478b-9e4d-5ecb8aa3af43,td,10000.00,2015-04-01 00:00:00,2015-04-30 00:00:00,A,2015-05-25 21:43:33
8db171b5-f64a-4dbf-ab45-9ba7c880f475,dj,10000.00,2015-04-01 00:00:00,2015-04-30 00:00:00,A,2015-05-25 21:43:45
8dc6f9c8-2856-4ded-8cd2-c1ee66f91dbe,sk,1000000.00,2015-05-01 00:00:00,2025-05-30 00:00:00,A,2015-05-25 21:38:08
8df4da4e-5385-41fa-bfcb-031d198df386,sn,10000.00,2015-04-01 00:00:00,2015-04-30 00:00:00,A,2015-05-25 21:45:26
90531c7d-25d5-46e5-a1b9-bdb205870331,gl,1000000.00,2015-05-01 00:00:00,2025-05-30 00:00:00,A,2015-05-25 21:36:46
90601c70-b1e7-411f-a432-805beb7de7ef,mx,1000000.00,2015-05-01 00:00:00,2025-05-30 00:00:00,A,2015-05-25 21:37:26
907ae7f0-cb46-4c7e-98a6-70ac24524b17,tg,10000.00,2015-04-01 00:00:00,2015-04-30 00:00:00,A,2015-05-25 21:45:46
90cdee19-47b1-4ba7-8f49-1e7216551bc5,sh,1000000.00,2015-05-01 00:00:00,2025-05-30 00:00:00,A,2015-05-25 21:37:58
91171027-7beb-4069-aed6-5fb4f9ff2104,ml,10000.00,2015-04-01 00:00:00,2015-04-30 00:00:00,A,2015-05-25 21:44:38
914b4440-fb39-4c7d-8521-9b8a107c3cba,mu,1000000.00,2015-05-01 00:00:00,2025-05-30 00:00:00,A,2015-05-25 21:37:25
917a07b0-5bea-49a1-abef-a59ac7b4c04f,fm,1000000.00,2015-05-01 00:00:00,2025-05-30 00:00:00,A,2015-05-25 21:36:36
918880e6-26bf-4ed9-86f1-ecf9a27a6476,wf,10000.00,2015-04-01 00:00:00,2015-04-30 00:00:00,A,2015-05-25 21:46:02
935163d5-e167-4387-93d0-c853ef40f986,nu,1000000.00,2015-05-01 00:00:00,2025-05-30 00:00:00,A,2015-05-25 21:37:39
9362b780-e3e7-4a2b-8311-79caa2aed0e8,cu,10000.00,2015-04-01 00:00:00,2015-04-30 00:00:00,A,2015-05-25 21:43:42
95b1b7e2-2115-4d86-bf4c-feddac5750a9,nu,10000.00,2015-04-01 00:00:00,2015-04-30 00:00:00,A,2015-05-25 21:44:57
9714f2e6-185c-4807-9eb5-fa3b6dba4cf3,me,10000.00,2015-04-01 00:00:00,2015-04-30 00:00:00,A,2015-05-25 21:44:45
9781b41d-0fae-4610-8e31-014787c93f71,nl,10000.00,2015-04-01 00:00:00,2015-04-30 00:00:00,A,2015-05-25 21:44:51
98f46ed2-5996-4005-a302-66c7ee0f6d94,mw,1000000.00,2015-05-01 00:00:00,2025-05-30 00:00:00,A,2015-05-25 21:37:18
991a12aa-31d4-4e49-8117-b51961758fa5,fi,10000.00,2015-04-01 00:00:00,2015-04-30 00:00:00,A,2015-05-25 21:43:55
997cfc35-a5e8-4fce-832a-c2a6a16f80e0,tf,1000000.00,2015-05-01 00:00:00,2025-05-30 00:00:00,A,2015-05-25 21:36:40
99997ec9-f235-4ccc-be58-15d4db3b4f10,gw,1000000.00,2015-05-01 00:00:00,2025-05-30 00:00:00,A,2015-05-25 21:36:51
99d877ef-1083-4c1a-982d-be21f3eb450e,us,10000.00,2015-04-01 00:00:00,2015-04-30 00:00:00,A,2015-05-25 21:45:58
9a539f60-fcca-47ba-b256-844a229653be,de,1000000.00,2015-05-01 00:00:00,2025-05-30 00:00:00,A,2015-05-25 21:36:43
9a682b1e-cd4f-47f0-a06a-5ae17540da4a,cf,1000000.00,2015-05-01 00:00:00,2025-05-30 00:00:00,A,2015-05-25 21:36:14
9c0ca7e5-53fd-4449-aa18-c858b8f0a158,no,10000.00,2015-04-01 00:00:00,2015-04-30 00:00:00,A,2015-05-25 21:44:59
9c5b98fd-c289-49a5-8313-4e4e57e6108c,li,1000000.00,2015-05-01 00:00:00,2025-05-30 00:00:00,A,2015-05-25 21:37:15
9d816fd8-8bb5-4854-a888-cbdb6eccca27,me,1000000.00,2015-05-01 00:00:00,2025-05-30 00:00:00,A,2015-05-25 21:37:28
9d851d5c-85d3-4791-921f-22802e69ff04,in,10000.00,2015-04-01 00:00:00,2015-04-30 00:00:00,A,2015-05-25 21:44:16
9d957c8f-2222-47c0-94d3-d2a1774d820d,ne,1000000.00,2015-05-01 00:00:00,2025-05-30 00:00:00,A,2015-05-25 21:37:38
9da1e444-b5eb-44fe-b5f4-1eeabdf89172,gn,1000000.00,2015-05-01 00:00:00,2025-05-30 00:00:00,A,2015-05-25 21:36:50
9dcff82c-51f5-4132-a141-924e5f9672ac,kp,1000000.00,2015-05-01 00:00:00,2025-05-30 00:00:00,A,2015-05-25 21:36:26
9e3138c2-7447-4fc2-917b-024867c90f49,lt,10000.00,2015-04-01 00:00:00,2015-04-30 00:00:00,A,2015-05-25 21:44:33
a00953fc-64f0-485e-be7d-5f913790196e,mt,10000.00,2015-04-01 00:00:00,2015-04-30 00:00:00,A,2015-05-25 21:44:39
a00f651c-195e-4081-80f9-da291bf9a5f4,ls,10000.00,2015-04-01 00:00:00,2015-04-30 00:00:00,A,2015-05-25 21:44:30
a04a54cf-025c-493b-8303-402dd703676e,im,10000.00,2015-04-01 00:00:00,2015-04-30 00:00:00,A,2015-05-25 21:44:19
a0b5ce3d-1247-4d5c-8ed6-359b6e9f89b0,ye,10000.00,2015-04-01 00:00:00,2015-04-30 00:00:00,A,2015-05-25 21:46:04
a1052621-6801-4ba4-94bd-e983b02519ab,ua,10000.00,2015-04-01 00:00:00,2015-04-30 00:00:00,A,2015-05-25 21:45:54
a1188c4e-4e78-4c4b-a1e3-bf91ea9b395d,lu,10000.00,2015-04-01 00:00:00,2015-04-30 00:00:00,A,2015-05-25 21:44:34
a201fce3-343d-4152-9617-77af2aa3a632,gf,10000.00,2015-04-01 00:00:00,2015-04-30 00:00:00,A,2015-05-25 21:43:57
a2704b0d-5df4-41bc-a639-0af3dcc2fb19,gt,1000000.00,2015-05-01 00:00:00,2025-05-30 00:00:00,A,2015-05-25 21:36:49
a35a9dea-8239-4da5-936b-bb6cb5e7fc43,mp,1000000.00,2015-05-01 00:00:00,2025-05-30 00:00:00,A,2015-05-25 21:37:41
a3c969f5-1916-4523-9ef5-bdf55780c1a6,cr,10000.00,2015-04-01 00:00:00,2015-04-30 00:00:00,A,2015-05-25 21:43:39
a4cee5b2-f9ac-46b6-bb43-704735fa963c,eh,1000000.00,2015-05-01 00:00:00,2025-05-30 00:00:00,A,2015-05-25 21:38:40
a55d663b-5659-4847-b8c3-c47813da9e83,jo,1000000.00,2015-05-01 00:00:00,2025-05-30 00:00:00,A,2015-05-25 21:37:06
a60030c6-dc28-452b-b6f2-e7c72f0adfeb,sz,10000.00,2015-04-01 00:00:00,2015-04-30 00:00:00,A,2015-05-25 21:45:39
a6c8e282-1d02-4d96-b47a-c7900c3884cf,hn,10000.00,2015-04-01 00:00:00,2015-04-30 00:00:00,A,2015-05-25 21:44:13
a80db2b3-78bf-4e27-b1df-17d71dc51131,kr,10000.00,2015-04-01 00:00:00,2015-04-30 00:00:00,A,2015-05-25 21:45:15
a81df3ce-e0eb-4378-b0ff-f2689a26ec8f,ws,1000000.00,2015-05-01 00:00:00,2025-05-30 00:00:00,A,2015-05-25 21:38:01
a8c5864d-56db-4ce6-8e51-061a93b1fb20,ma,1000000.00,2015-05-01 00:00:00,2025-05-30 00:00:00,A,2015-05-25 21:37:30
a8d90a3a-a618-4c3c-8007-f6045471fe5d,bj,10000.00,2015-04-01 00:00:00,2015-04-30 00:00:00,A,2015-05-25 21:43:18
a8f5bde5-3413-4b80-b935-0548945201dd,gw,10000.00,2015-04-01 00:00:00,2015-04-30 00:00:00,A,2015-05-25 21:44:09
a92bfc15-b6d6-41a7-961e-a9a44ec93765,mg,10000.00,2015-04-01 00:00:00,2015-04-30 00:00:00,A,2015-05-25 21:44:35
a92de0b2-3383-4fa0-bba2-990f8ae3c8f8,kp,10000.00,2015-04-01 00:00:00,2015-04-30 00:00:00,A,2015-05-25 21:43:44
a98317a3-2e20-4d94-a347-ffc42fa1f3b1,vu,10000.00,2015-04-01 00:00:00,2015-04-30 00:00:00,A,2015-05-25 21:46:00
aa43edc5-8728-47a0-86eb-e608eb2f6820,mk,1000000.00,2015-05-01 00:00:00,2025-05-30 00:00:00,A,2015-05-25 21:38:22
aacf9be0-c2dd-421b-9827-9e11e6f3a2c5,pm,1000000.00,2015-05-01 00:00:00,2025-05-30 00:00:00,A,2015-05-25 21:38:00
ab8b4754-baeb-4772-96f6-0ad88f18c7f1,ar,1000000.00,2015-05-01 00:00:00,2025-05-30 00:00:00,A,2015-05-25 21:35:50
ac5e1d42-7a2a-4b53-950a-7f80fa639885,pt,10000.00,2015-04-01 00:00:00,2015-04-30 00:00:00,A,2015-05-25 21:45:11
ac8a8155-e93b-45a5-89bb-89e3db8c7c56,mp,10000.00,2015-04-01 00:00:00,2015-04-30 00:00:00,A,2015-05-25 21:44:58
ac9dea3d-8fdf-48c3-b1a4-72436d588263,ng,10000.00,2015-04-01 00:00:00,2015-04-30 00:00:00,A,2015-05-25 21:44:56
adf0c4eb-010c-4c8e-8a45-1313f01a7dd8,io,10000.00,2015-04-01 00:00:00,2015-04-30 00:00:00,A,2015-05-25 21:43:24
af06fe94-bc20-4736-b256-ecb17294f852,kn,1000000.00,2015-05-01 00:00:00,2025-05-30 00:00:00,A,2015-05-25 21:37:58
af8b7cf5-bfd2-4bf6-bba0-f026d05f72ee,tm,10000.00,2015-04-01 00:00:00,2015-04-30 00:00:00,A,2015-05-25 21:45:50
afd209c6-0439-40fb-abd2-2858ca84beb1,np,1000000.00,2015-05-01 00:00:00,2025-05-30 00:00:00,A,2015-05-25 21:37:33
b03b796f-0515-4ff4-b2d4-edca99db412c,tc,1000000.00,2015-05-01 00:00:00,2025-05-30 00:00:00,A,2015-05-25 21:38:28
b069cee0-e48e-43be-9b92-4de783bccd13,tw,1000000.00,2015-05-01 00:00:00,2025-05-30 00:00:00,A,2015-05-25 21:37:51
b0838931-900f-47dd-ba23-701d8404951c,gg,1000000.00,2015-05-01 00:00:00,2025-05-30 00:00:00,A,2015-05-25 21:36:50
b0b518e3-53c0-4c47-9725-6c4c15a91e52,la,1000000.00,2015-05-01 00:00:00,2025-05-30 00:00:00,A,2015-05-25 21:37:10
b1cabd67-47bb-4053-be7b-24172976ecde,mh,1000000.00,2015-05-01 00:00:00,2025-05-30 00:00:00,A,2015-05-25 21:37:22
b1d06775-24b5-444f-9c53-dea5f9d95b6d,yt,1000000.00,2015-05-01 00:00:00,2025-05-30 00:00:00,A,2015-05-25 21:37:25
b272acef-8381-4689-a2a4-46c65f499ab8,gi,1000000.00,2015-05-01 00:00:00,2025-05-30 00:00:00,A,2015-05-25 21:36:44
b284b829-76e3-453c-ae00-56752ca84dae,et,10000.00,2015-04-01 00:00:00,2015-04-30 00:00:00,A,2015-05-25 21:43:52
b2c1d6d2-64ab-48b9-880c-26a1467edc76,mt,1000000.00,2015-05-01 00:00:00,2025-05-30 00:00:00,A,2015-05-25 21:37:22
b3051998-0694-4eca-b46f-f89778b17915,mq,10000.00,2015-04-01 00:00:00,2015-04-30 00:00:00,A,2015-05-25 21:44:40
b35fdbc0-d0f0-4d93-a002-c7738954456e,mo,1000000.00,2015-05-01 00:00:00,2025-05-30 00:00:00,A,2015-05-25 21:37:17
b3655dc3-b526-47e3-ae01-84ef3c531fa8,pf,10000.00,2015-04-01 00:00:00,2015-04-30 00:00:00,A,2015-05-25 21:43:58
b3c4fdc3-3658-4f25-b371-9b4c0b1270f0,kh,10000.00,2015-04-01 00:00:00,2015-04-30 00:00:00,A,2015-05-25 21:43:28
b3ccf239-3fb0-4d32-970a-c8a13eb23d85,gu,1000000.00,2015-05-01 00:00:00,2025-05-30 00:00:00,A,2015-05-25 21:36:48
b4b48fae-c29f-42f4-811c-6edc3939aeba,eh,10000.00,2015-04-01 00:00:00,2015-04-30 00:00:00,A,2015-05-25 21:46:03
b58a2a9c-969a-425f-9ef0-5d317ec06e07,mu,10000.00,2015-04-01 00:00:00,2015-04-30 00:00:00,A,2015-05-25 21:44:42
b68bee03-9e37-4f19-a72a-2fc6c08554a0,fo,1000000.00,2015-05-01 00:00:00,2025-05-30 00:00:00,A,2015-05-25 21:36:35
b6ed59bc-0d32-4208-a72d-a1b6656a1daa,ps,10000.00,2015-04-01 00:00:00,2015-04-30 00:00:00,A,2015-05-25 21:45:00
b71c11c0-cf8f-467a-aecf-04ecb4e50124,iq,10000.00,2015-04-01 00:00:00,2015-04-30 00:00:00,A,2015-05-25 21:44:17
b7ea6021-4ae9-410f-8f2e-fc130b18821a,yt,10000.00,2015-04-01 00:00:00,2015-04-30 00:00:00,A,2015-05-25 21:44:43
b8508343-5ec8-4ef6-89b8-5c5bf6b71b32,sb,10000.00,2015-04-01 00:00:00,2015-04-30 00:00:00,A,2015-05-25 21:45:33
b9391067-4ab2-40b8-9352-56e3d817bbbb,pw,10000.00,2015-04-01 00:00:00,2015-04-30 00:00:00,A,2015-05-25 21:45:03
b9549196-2f55-4cd4-af90-2a4fddd5d1cf,tf,10000.00,2015-04-01 00:00:00,2015-04-30 00:00:00,A,2015-05-25 21:43:58
b9efa648-3d0e-44d4-a7c2-07c4e71ea8d4,mc,1000000.00,2015-05-01 00:00:00,2025-05-30 00:00:00,A,2015-05-25 21:37:27
b9f4db44-e606-4fc0-9193-9e22bc6b2965,gy,1000000.00,2015-05-01 00:00:00,2025-05-30 00:00:00,A,2015-05-25 21:36:52
baac2fd6-2518-4248-980c-60812d18d341,bb,10000.00,2015-04-01 00:00:00,2015-04-30 00:00:00,A,2015-05-25 21:43:15
bafc8191-2e8b-4069-8cc7-ef4d2d148c60,et,1000000.00,2015-05-01 00:00:00,2025-05-30 00:00:00,A,2015-05-25 21:36:34
bbb23d5e-3c2d-4676-b56b-c16290ee3e3f,hm,1000000.00,2015-05-01 00:00:00,2025-05-30 00:00:00,A,2015-05-25 21:36:53
bc120cdf-e972-489a-bf9b-41dd0f108b33,co,10000.00,2015-04-01 00:00:00,2015-04-30 00:00:00,A,2015-05-25 21:43:37
bc837622-0660-435a-b43e-cb7e29b48c80,kg,10000.00,2015-04-01 00:00:00,2015-04-30 00:00:00,A,2015-05-25 21:44:27
bd6142fc-9d4e-4f40-9a0b-7a47bf35aff1,hn,1000000.00,2015-05-01 00:00:00,2025-05-30 00:00:00,A,2015-05-25 21:36:55
bd97bafa-8610-4c84-b9dd-64dddbd7b1cf,bn,1000000.00,2015-05-01 00:00:00,2025-05-30 00:00:00,A,2015-05-25 21:36:07
bdeaf343-fbf0-4cb1-b620-ce52283a7082,fk,1000000.00,2015-05-01 00:00:00,2025-05-30 00:00:00,A,2015-05-25 21:36:34
be79df11-be48-4e61-a44b-e94ecab7406c,cd,10000.00,2015-04-01 00:00:00,2015-04-30 00:00:00,A,2015-05-25 21:45:43
bf3b9e89-15ac-4e59-92f2-58ba5b434fd9,sd,1000000.00,2015-05-01 00:00:00,2025-05-30 00:00:00,A,2015-05-25 21:38:15
bfed31c1-4ee6-4e78-921c-4d2358f47d28,ge,10000.00,2015-04-01 00:00:00,2015-04-30 00:00:00,A,2015-05-25 21:44:00
c03fb4cc-9662-4c9c-a609-25e6f15e1889,mh,10000.00,2015-04-01 00:00:00,2015-04-30 00:00:00,A,2015-05-25 21:44:40
c06a15f5-33aa-4357-bf2d-4291df0a650f,tl,10000.00,2015-04-01 00:00:00,2015-04-30 00:00:00,A,2015-05-25 21:45:45
c1441839-e234-4d08-b1ec-7214599d68df,as,1000000.00,2015-05-01 00:00:00,2025-05-30 00:00:00,A,2015-05-25 21:35:46
c237945d-e5d9-4489-90c8-f95a473c9240,cg,10000.00,2015-04-01 00:00:00,2015-04-30 00:00:00,A,2015-05-25 21:43:38
c2446ec8-01ec-4dd3-934c-fa00c7f28645,eg,10000.00,2015-04-01 00:00:00,2015-04-30 00:00:00,A,2015-05-25 21:43:48
c354253e-6006-4517-aa98-610b458f7946,ni,1000000.00,2015-05-01 00:00:00,2025-05-30 00:00:00,A,2015-05-25 21:37:37
c3804fcd-9882-4122-9808-dc5a3dc63b5b,az,1000000.00,2015-05-01 00:00:00,2025-05-30 00:00:00,A,2015-05-25 21:35:54
c4dfd75c-9ce7-4c6d-b2d2-4882c4d25821,cm,10000.00,2015-04-01 00:00:00,2015-04-30 00:00:00,A,2015-05-25 21:43:29
c51665e8-780b-4113-9b18-c5b50fa0b2c1,ke,1000000.00,2015-05-01 00:00:00,2025-05-30 00:00:00,A,2015-05-25 21:37:07
c56173ac-88ff-47ea-99fe-a8f3302a6a61,tt,10000.00,2015-04-01 00:00:00,2015-04-30 00:00:00,A,2015-05-25 21:45:48
c56b9db0-ebe0-491c-a4c1-974688ad03df,kz,10000.00,2015-04-01 00:00:00,2015-04-30 00:00:00,A,2015-05-25 21:44:24
c56fc705-41ea-42e7-ac99-3abdd2f95088,bh,10000.00,2015-04-01 00:00:00,2015-04-30 00:00:00,A,2015-05-25 21:43:14
c5b92e80-8d54-496b-b1d4-0b7e5457eae6,au,1000000.00,2015-05-01 00:00:00,2025-05-30 00:00:00,A,2015-05-25 21:35:52
c5d89f47-52c8-42d8-8bac-f56d20d0d97e,pl,10000.00,2015-04-01 00:00:00,2015-04-30 00:00:00,A,2015-05-25 21:45:10
c5e1cfe1-58c1-4efd-9348-18c684260fdb,tn,1000000.00,2015-05-01 00:00:00,2025-05-30 00:00:00,A,2015-05-25 21:38:26
c67a1c0e-ab64-447c-9aa8-a7d77ae0688c,cx,10000.00,2015-04-01 00:00:00,2015-04-30 00:00:00,A,2015-05-25 21:43:35
c953fce2-1dd7-4c59-9eea-069f06379d86,tv,1000000.00,2015-05-01 00:00:00,2025-05-30 00:00:00,A,2015-05-25 21:38:29
ce0ae39b-99bb-4428-8d2c-ae201211b3b4,iq,1000000.00,2015-05-01 00:00:00,2025-05-30 00:00:00,A,2015-05-25 21:36:59
cea9f3a8-bbd2-4d96-8f80-c67e37df49d4,vi,1000000.00,2015-05-01 00:00:00,2025-05-30 00:00:00,A,2015-05-25 21:38:30
cf49b8ec-479d-4931-9e18-bc21a3543129,vc,10000.00,2015-04-01 00:00:00,2015-04-30 00:00:00,A,2015-05-25 21:45:22
cf768619-f31b-440f-960e-ccf49dbed162,ug,10000.00,2015-04-01 00:00:00,2015-04-30 00:00:00,A,2015-05-25 21:45:53
d032bdfc-5991-400e-9222-b1977ef2143b,ug,1000000.00,2015-05-01 00:00:00,2025-05-30 00:00:00,A,2015-05-25 21:38:30
d04e7b31-894c-465d-bdb4-21e1aefd7216,dk,1000000.00,2015-05-01 00:00:00,2025-05-30 00:00:00,A,2015-05-25 21:36:26
d11d533c-2e97-4e41-805e-2f8202e9d1ca,ee,10000.00,2015-04-01 00:00:00,2015-04-30 00:00:00,A,2015-05-25 21:43:51
d1db5f47-e1dc-403a-9e25-cf1b3ac91a27,er,10000.00,2015-04-01 00:00:00,2015-04-30 00:00:00,A,2015-05-25 21:43:50
d2a5f2f2-1ef7-446e-9cf9-51277b4b4ffd,ao,1000000.00,2015-05-01 00:00:00,2025-05-30 00:00:00,A,2015-05-25 21:35:48
d364619c-e924-4293-b4d2-bb800f758fa2,uz,10000.00,2015-04-01 00:00:00,2015-04-30 00:00:00,A,2015-05-25 21:45:59
d447b690-318c-40ec-95a2-6a2f1e11d622,vc,1000000.00,2015-05-01 00:00:00,2025-05-30 00:00:00,A,2015-05-25 21:38:00
d51b9c66-1f3d-4b96-8d78-685e2ea1cf0c,cz,10000.00,2015-04-01 00:00:00,2015-04-30 00:00:00,A,2015-05-25 21:43:43
d546979b-9711-4e40-bf90-a6c288b1fc23,gb,1000000.00,2015-05-01 00:00:00,2025-05-30 00:00:00,A,2015-05-25 21:38:33
d59e6440-4d8f-4398-aa8f-9cda9a0642f4,gd,1000000.00,2015-05-01 00:00:00,2025-05-30 00:00:00,A,2015-05-25 21:36:47
d6436826-ccaf-4d1e-9690-e49681acaf78,si,1000000.00,2015-05-01 00:00:00,2025-05-30 00:00:00,A,2015-05-25 21:38:08
d75ce981-bdf3-4b6b-bd12-0f5d01febda0,ar,10000.00,2015-04-01 00:00:00,2015-04-30 00:00:00,A,2015-05-25 21:43:09
d7b7caba-0ae0-4c06-a036-fca96f9fdc76,jm,10000.00,2015-04-01 00:00:00,2015-04-30 00:00:00,A,2015-05-25 21:44:21
d7fb44ac-7de0-4277-9bde-f8311878617d,tk,1000000.00,2015-05-01 00:00:00,2025-05-30 00:00:00,A,2015-05-25 21:38:24
d82e8809-6c01-46d2-a891-ceb5c9d5037c,er,1000000.00,2015-05-01 00:00:00,2025-05-30 00:00:00,A,2015-05-25 21:36:32
d8dcc6f7-b22f-4c3f-9d06-b09cbe8c1e6e,ph,1000000.00,2015-05-01 00:00:00,2025-05-30 00:00:00,A,2015-05-25 21:37:48
d8fcb171-ee4a-40dd-8516-04a8f800e485,by,1000000.00,2015-05-01 00:00:00,2025-05-30 00:00:00,A,2015-05-25 21:35:57
d9f03607-79c7-42f9-aa97-c8e0de6ff40e,bd,1000000.00,2015-05-01 00:00:00,2025-05-30 00:00:00,A,2015-05-25 21:35:56
da1424df-e211-40f9-9ab8-1ceab5128f04,tg,1000000.00,2015-05-01 00:00:00,2025-05-30 00:00:00,A,2015-05-25 21:38:23
db4c308b-225a-476b-8283-f271b531da92,bh,1000000.00,2015-05-01 00:00:00,2025-05-30 00:00:00,A,2015-05-25 21:35:55
dbd3a310-f587-4daa-8d8c-b9df49017d1a,tr,10000.00,2015-04-01 00:00:00,2015-04-30 00:00:00,A,2015-05-25 21:45:49
dbe24589-b6d3-435b-942a-769e7e836d18,ck,1000000.00,2015-05-01 00:00:00,2025-05-30 00:00:00,A,2015-05-25 21:36:20
de43b5a0-e89c-44e0-b432-bb256b57f5c9,sy,1000000.00,2015-05-01 00:00:00,2025-05-30 00:00:00,A,2015-05-25 21:38:19
dffa8674-6bca-4374-8989-54914e461ee4,py,10000.00,2015-04-01 00:00:00,2015-04-30 00:00:00,A,2015-05-25 21:45:06
e05075ec-b94c-4a6d-9de5-9e8f40aec440,is,1000000.00,2015-05-01 00:00:00,2025-05-30 00:00:00,A,2015-05-25 21:36:57
e08fd8a6-5ba8-469a-a563-615863441523,tj,1000000.00,2015-05-01 00:00:00,2025-05-30 00:00:00,A,2015-05-25 21:38:19
e0ea7174-a21f-4b04-a2dc-c2ee002ddde4,dk,10000.00,2015-04-01 00:00:00,2015-04-30 00:00:00,A,2015-05-25 21:43:44
e0f81514-b501-424c-9350-4b7507923104,dz,1000000.00,2015-05-01 00:00:00,2025-05-30 00:00:00,A,2015-05-25 21:35:46
e100140b-0a01-4551-b474-3cd6655b3b96,nz,10000.00,2015-04-01 00:00:00,2015-04-30 00:00:00,A,2015-05-25 21:44:54
e14997fb-a9db-4620-8b0b-c79960d60cb4,jo,10000.00,2015-04-01 00:00:00,2015-04-30 00:00:00,A,2015-05-25 21:44:24
e15583d4-e354-4276-be28-7aca0ec1f88b,ni,10000.00,2015-04-01 00:00:00,2015-04-30 00:00:00,A,2015-05-25 21:44:54
e4484589-7195-4393-a150-0468f82b6228,hr,10000.00,2015-04-01 00:00:00,2015-04-30 00:00:00,A,2015-05-25 21:43:41
e4b013a7-8774-475e-afe2-d36819e4404a,om,10000.00,2015-04-01 00:00:00,2015-04-30 00:00:00,A,2015-05-25 21:45:01
e523dc0d-fd78-4fc1-9b82-e2aa0df31577,cm,1000000.00,2015-05-01 00:00:00,2025-05-30 00:00:00,A,2015-05-25 21:36:11
e5861929-9cd8-449f-99a3-0e3619d7d582,ki,10000.00,2015-04-01 00:00:00,2015-04-30 00:00:00,A,2015-05-25 21:44:26
e5d35f3c-f9be-4af7-8f84-5f8b4ecf2fdd,ad,1000000.00,2015-05-01 00:00:00,2025-05-30 00:00:00,A,2015-05-25 21:35:47
e64edf6d-7d57-4bcc-b81e-865cb938941a,lk,10000.00,2015-04-01 00:00:00,2015-04-30 00:00:00,A,2015-05-25 21:45:36
e68246a4-1c90-42c5-a34a-4b9cea8617f8,im,1000000.00,2015-05-01 00:00:00,2025-05-30 00:00:00,A,2015-05-25 21:37:01
e6abb680-7892-40c7-b820-2f1b0ac281f3,td,1000000.00,2015-05-01 00:00:00,2025-05-30 00:00:00,A,2015-05-25 21:36:14
e84efc8b-31be-4640-9e96-ab1b86f5fe2a,nl,1000000.00,2015-05-01 00:00:00,2025-05-30 00:00:00,A,2015-05-25 21:37:34
e8adaa78-8460-4bbd-b4fe-416f02bd3ac0,za,1000000.00,2015-05-01 00:00:00,2025-05-30 00:00:00,A,2015-05-25 21:38:11
e9103359-6fed-4120-9643-2148e05bcab3,gm,1000000.00,2015-05-01 00:00:00,2025-05-30 00:00:00,A,2015-05-25 21:36:42
e95f5905-7bde-4083-921e-4f7d3a7c9d5d,ba,10000.00,2015-04-01 00:00:00,2015-04-30 00:00:00,A,2015-05-25 21:43:21
e9662766-15dd-43c1-81e6-9fd03b9c4514,ph,10000.00,2015-04-01 00:00:00,2015-04-30 00:00:00,A,2015-05-25 21:45:08
eaa97dad-c5af-4f56-8ecb-20307145402a,mv,10000.00,2015-04-01 00:00:00,2015-04-30 00:00:00,A,2015-05-25 21:44:37
ec65b139-aafb-4cf2-805e-cf9ac4a6d5f3,cz,1000000.00,2015-05-01 00:00:00,2025-05-30 00:00:00,A,2015-05-25 21:36:25
ec97e437-8b0e-4042-a09a-4f53a7e39e3e,pk,10000.00,2015-04-01 00:00:00,2015-04-30 00:00:00,A,2015-05-25 21:45:02
ed3d0a7e-b46f-4f86-932f-14780a23ddfb,bi,1000000.00,2015-05-01 00:00:00,2025-05-30 00:00:00,A,2015-05-25 21:36:09
ed6d5f27-d6f7-4f51-948a-f5e2423446e5,ag,10000.00,2015-04-01 00:00:00,2015-04-30 00:00:00,A,2015-05-25 21:43:08
edc55de5-68ee-4729-8734-77155847f2be,as,10000.00,2015-04-01 00:00:00,2015-04-30 00:00:00,A,2015-05-25 21:43:05
edec1d86-8fa6-4a10-bf98-b336809fc3ac,lr,1000000.00,2015-05-01 00:00:00,2025-05-30 00:00:00,A,2015-05-25 21:37:13
ee8671ed-85b8-4665-8780-0ade072dec5a,sa,1000000.00,2015-05-01 00:00:00,2025-05-30 00:00:00,A,2015-05-25 21:38:03
f01c3d2b-0447-4604-8cbe-a91e9ae4d11b,pe,10000.00,2015-04-01 00:00:00,2015-04-30 00:00:00,A,2015-05-25 21:45:07
f0f8e26b-067b-4519-8422-e6df0158fb1f,kr,1000000.00,2015-05-01 00:00:00,2025-05-30 00:00:00,A,2015-05-25 21:37:53
f1e5793f-a840-4c2e-bf87-bfe13f98f6f4,sy,10000.00,2015-04-01 00:00:00,2015-04-30 00:00:00,A,2015-05-25 21:45:41
f2834808-9995-4fd2-9697-e57d406e6c1f,nz,1000000.00,2015-05-01 00:00:00,2025-05-30 00:00:00,A,2015-05-25 21:37:36
f5e5a6c6-7ea9-476a-bbfc-0fd58448b775,lv,1000000.00,2015-05-01 00:00:00,2025-05-30 00:00:00,A,2015-05-25 21:37:11
f632c8ac-67df-4ee7-80e8-99636fb16a4c,dm,1000000.00,2015-05-01 00:00:00,2025-05-30 00:00:00,A,2015-05-25 21:36:28
f63faa5b-9b15-4a30-b3ec-3dc7a7b34a90,rw,10000.00,2015-04-01 00:00:00,2015-04-30 00:00:00,A,2015-05-25 21:45:18
f672b6c9-ffdd-4961-a548-8d77efc98f3f,io,1000000.00,2015-05-01 00:00:00,2025-05-30 00:00:00,A,2015-05-25 21:36:05
f6ec19b5-4f6e-493a-a21f-556179273ad6,mr,10000.00,2015-04-01 00:00:00,2015-04-30 00:00:00,A,2015-05-25 21:44:41
f788ceba-3aec-4e6a-bc04-9e73807be7d1,vi,10000.00,2015-04-01 00:00:00,2015-04-30 00:00:00,A,2015-05-25 21:45:52
f7a0c294-0d17-4ad6-afe7-6400c1f3e66d,il,1000000.00,2015-05-01 00:00:00,2025-05-30 00:00:00,A,2015-05-25 21:37:02
f7ac37bb-7ca0-4cf4-8374-5fc134307279,gd,10000.00,2015-04-01 00:00:00,2015-04-30 00:00:00,A,2015-05-25 21:44:05
f9a71c93-8d4b-43d2-a20d-7ea2e6b051c5,mm,10000.00,2015-04-01 00:00:00,2015-04-30 00:00:00,A,2015-05-25 21:44:48
f9e81df9-96ad-4c4b-9bd3-d07808135574,ch,1000000.00,2015-05-01 00:00:00,2025-05-30 00:00:00,A,2015-05-25 21:38:18
fa33ce06-38b8-4aff-b2db-288f43c224e9,hr,1000000.00,2015-05-01 00:00:00,2025-05-30 00:00:00,A,2015-05-25 21:36:23
fae4eb83-7c80-4c83-84d6-295e4673ea87,tz,1000000.00,2015-05-01 00:00:00,2025-05-30 00:00:00,A,2015-05-25 21:38:33
fbc89792-4739-4135-97aa-95b1f48146e8,pa,10000.00,2015-04-01 00:00:00,2015-04-30 00:00:00,A,2015-05-25 21:45:04
fc751be5-4d6d-4b92-8654-abaf915fbe63,zm,10000.00,2015-04-01 00:00:00,2015-04-30 00:00:00,A,2015-05-25 21:46:04
fd512589-43e1-4c34-8381-6746661995ef,gs,10000.00,2015-04-01 00:00:00,2015-04-30 00:00:00,A,2015-05-25 21:45:35
fd959520-1547-41d6-8f16-3e0c41fbc487,nr,1000000.00,2015-05-01 00:00:00,2025-05-30 00:00:00,A,2015-05-25 21:37:33
fdca4b63-4b0d-4411-b83b-1cd610e118b7,ao,10000.00,2015-04-01 00:00:00,2015-04-30 00:00:00,A,2015-05-25 21:43:07
fe10190f-9fd7-41eb-beaa-ce0dfe476e03,al,1000000.00,2015-05-01 00:00:00,2025-05-30 00:00:00,A,2015-05-25 21:35:45
fe22cf6f-04de-4307-bc66-2b1d3127d5ea,ye,1000000.00,2015-05-01 00:00:00,2025-05-30 00:00:00,A,2015-05-25 21:38:41
fe4ab4f1-9574-451e-a74a-c2defc0e92ee,uz,1000000.00,2015-05-01 00:00:00,2025-05-30 00:00:00,A,2015-05-25 21:38:36
fe5d82ac-2226-42b5-a115-7811d4b42b73,sd,10000.00,2015-04-01 00:00:00,2015-04-30 00:00:00,A,2015-05-25 21:45:37
fe79bcd2-eb58-41ef-964a-872434c655dc,ir,10000.00,2015-04-01 00:00:00,2015-04-30 00:00:00,A,2015-05-25 21:44:19
ff6225f1-4bf5-40f3-907c-35202f2fc694,ve,1000000.00,2015-05-01 00:00:00,2025-05-30 00:00:00,A,2015-05-25 21:38:38
ff989308-4f0f-4c9d-9ae8-0a99ac82ac7b,al,10000.00,2015-04-01 00:00:00,2015-04-30 00:00:00,A,2015-05-25 21:43:03