00792ab2-7a02-41f8-a78b-e22e8d885806,cr,A,2015-07-12 06:05:04,2017-07-22 06:05:04,2015-07-22 06:05:04
013cf2c7-d8da-40cb-8a82-b2bbd0ea34be,gw,A,2015-07-12 06:05:37,2017-07-22 06:05:37,2015-07-22 06:05:37
01de158d-e941-4f2d-8666-202f1547c21e,pk,A,2015-07-12 06:06:34,2017-07-22 06:06:34,2015-07-22 06:06:34
041d8456-df07-484b-afbe-896c1f1c5894,ae,A,2015-07-12 06:07:24,2017-07-22 06:07:24,2015-07-22 06:07:24
045ac77b-81b9-4411-834b-be93387754d9,vi,A,2015-07-12 06:07:22,2017-07-22 06:07:22,2015-07-22 06:07:22
04d8a81b-b8c0-41bc-a9e3-91746f6d0dec,ad,A,2015-07-12 06:04:27,2017-07-22 06:04:27,2015-07-22 06:04:27
05d5b297-c15a-480c-ad20-4cd1d0f30ace,ci,A,2015-07-12 06:05:05,2017-07-22 06:05:05,2015-07-22 06:05:05
085c763f-aa72-43e4-8438-aa38d8f79708,cz,A,2015-07-12 06:05:08,2017-07-22 06:05:08,2015-07-22 06:05:08
096cafc4-395d-4dce-9987-fa79add9d065,eg,A,2015-07-12 06:05:14,2017-07-22 06:05:14,2015-07-22 06:05:14
0b0981f7-82f1-4d0d-b417-2edcc22650ea,ng,A,2015-07-12 06:06:28,2017-07-22 06:06:28,2015-07-22 06:06:28
0c833cdd-5cce-4953-8734-e8b6c1ea38ac,ws,A,2015-07-12 06:06:53,2017-07-22 06:06:53,2015-07-22 06:06:53
0c87b06e-1119-415f-aa9e-f9826646c3a0,cm,A,2015-07-12 06:04:53,2017-07-22 06:04:53,2015-07-22 06:04:53
0e31407c-9f78-4652-9568-be7c4f688b7b,mn,A,2015-07-12 06:06:15,2017-07-22 06:06:15,2015-07-22 06:06:15
0fe65cf3-098b-4a41-ba27-e9232aa936d8,tr,A,2015-07-12 06:07:19,2017-07-22 06:07:19,2015-07-22 06:07:19
11185061-d2e8-4cf2-ad39-c45049f1a036,tn,A,2015-07-12 06:07:18,2017-07-22 06:07:18,2015-07-22 06:07:18
117177c3-3844-4bcc-82fb-4103762d9b3f,th,A,2015-07-12 06:07:12,2017-07-22 06:07:12,2015-07-22 06:07:12
11c84bfe-5798-4542-886d-72163c4e58c1,tt,A,2015-07-12 06:07:17,2017-07-22 06:07:17,2015-07-22 06:07:17
131ce8af-5b72-4fac-bdb1-7273a9792c29,it,A,2015-07-12 06:05:49,2017-07-22 06:05:49,2015-07-22 06:05:49
14375731-bbbd-4304-8531-271a9caa904c,ug,A,2015-07-12 06:07:23,2017-07-22 06:07:23,2015-07-22 06:07:23
15bcfea6-cbe9-464b-87fa-bf2c7eef8d19,ch,A,2015-07-12 06:07:09,2017-07-22 06:07:09,2015-07-22 06:07:09
1765f176-ecfb-4e19-b4fa-0ce236bd9956,is,A,2015-07-12 06:05:43,2017-07-22 06:05:43,2015-07-22 06:05:43
19e89196-de07-44da-a43d-2639a8aea67b,vg,A,2015-07-12 06:04:48,2017-07-22 06:04:48,2015-07-22 06:04:48
1bb63f12-9f27-4030-95d1-a0e6b698879d,bj,A,2015-07-12 06:04:41,2017-07-22 06:04:41,2015-07-22 06:04:41
1d5e7aa0-326c-490e-8588-645a96505098,bd,A,2015-07-12 06:04:37,2017-07-22 06:04:37,2015-07-22 06:04:37
1d6e49c4-13a0-4a4b-9d10-e2af563bf117,tg,A,2015-07-12 06:07:15,2017-07-22 06:07:15,2015-07-22 06:07:15
1ef0226a-5471-43de-9ef2-bbec8a5fbfc4,gg,A,2015-07-12 06:05:35,2017-07-22 06:05:35,2015-07-22 06:05:35
20001003-695f-49d1-8c96-54c16a5ff62b,cl,A,2015-07-12 06:04:58,2017-07-22 06:04:58,2015-07-22 06:04:58
21474286-4f36-4d84-b4b7-6467b1686257,la,A,2015-07-12 06:05:57,2017-07-22 06:05:57,2015-07-22 06:05:57
214ca8c8-6de9-4098-91eb-ce06ed9daf42,st,A,2015-07-12 06:06:54,2017-07-22 06:06:54,2015-07-22 06:06:54
23aad0f8-f43f-44c9-aa31-ee30b2810d9e,ru,A,2015-07-12 06:06:47,2017-07-22 06:06:47,2015-07-22 06:06:47
2684a00e-0d45-44b6-8d78-0916c28e8560,cg,A,2015-07-12 06:05:03,2017-07-22 06:05:03,2015-07-22 06:05:03
2a1d62a1-ba49-49ce-928c-1ec4141754e7,sv,A,2015-07-12 06:05:14,2017-07-22 06:05:14,2015-07-22 06:05:14
2ad21114-3e5e-4c02-aa83-8257cf7497a2,kn,A,2015-07-12 06:06:49,2017-07-22 06:06:49,2015-07-22 06:06:49
2aee5a6d-ac4e-4c18-9376-37929b1054cf,gb,A,2015-07-12 06:07:25,2017-07-22 06:07:25,2015-07-22 06:07:25
2c30f98f-1336-4655-8abc-ce2c4fd7860d,cx,A,2015-07-12 06:04:59,2017-07-22 06:04:59,2015-07-22 06:04:59
2eea958f-98a1-4dc6-8f1d-23b548585df9,wf,A,2015-07-12 06:07:32,2017-07-22 06:07:32,2015-07-22 06:07:32
2f5703a6-fa74-411f-8e35-8229ebb720a9,eh,A,2015-07-12 06:07:33,2017-07-22 06:07:33,2015-07-22 06:07:33
31c9b757-995d-4ebb-b25e-ecee696fe4f8,so,A,2015-07-12 06:07:02,2017-07-22 06:07:02,2015-07-22 06:07:02
3305e1f0-6cec-42a3-95f8-d7fa71db5fe5,ke,A,2015-07-12 06:05:54,2017-07-22 06:05:54,2015-07-22 06:05:54
33714c45-10e1-4d1c-9d66-f3376bea7bad,gy,A,2015-07-12 06:05:37,2017-07-22 06:05:37,2015-07-22 06:05:37
3428b2cd-3bff-426f-9576-8d05638be1d3,pe,A,2015-07-12 06:06:38,2017-07-22 06:06:38,2015-07-22 06:06:38
357bce73-eb3b-4d4d-8fae-09538258a641,mk,A,2015-07-12 06:07:13,2017-07-22 06:07:13,2015-07-22 06:07:13
36e74632-719a-4a3a-a434-da97799ed6c5,sh,A,2015-07-12 06:06:49,2017-07-22 06:06:49,2015-07-22 06:06:49
3a2f85fa-8772-4af9-853c-b45ea87cd4f4,hk,A,2015-07-12 06:05:41,2017-07-22 06:05:41,2015-07-22 06:05:41
3ab26ec3-37ab-4836-8d09-2dd46f690e58,an,A,2015-07-12 06:06:24,2017-07-22 06:06:24,2015-07-22 06:06:24
3b1a8046-48d5-4001-b5d2-b82e36780b54,si,A,2015-07-12 06:07:01,2017-07-22 06:07:01,2015-07-22 06:07:01
3c60e0c0-263f-4259-bdc0-c5899e8bebc3,gt,A,2015-07-12 06:05:34,2017-07-22 06:05:34,2015-07-22 06:05:34
3c9949fd-5700-45b1-b9fc-e14824500c0c,kg,A,2015-07-12 06:05:56,2017-07-22 06:05:56,2015-07-22 06:05:56
3dc6cbbe-74a1-4510-98f7-5e18bad0286a,fo,A,2015-07-12 06:05:19,2017-07-22 06:05:19,2015-07-22 06:05:19
3e2d0f27-5b5e-4f5d-9072-d3ddc1e2501b,sd,A,2015-07-12 06:07:06,2017-07-22 06:07:06,2015-07-22 06:07:06
41a7b79b-84cb-414f-8d59-b6bf84518915,iq,A,2015-07-12 06:05:45,2017-07-22 06:05:45,2015-07-22 06:05:45
4407e6d0-0b34-4ba4-bfda-0022bd76d5c8,gf,A,2015-07-12 06:05:23,2017-07-22 06:05:23,2015-07-22 06:05:23
4442a916-1063-4367-b5ae-06cdf58f8461,nl,A,2015-07-12 06:06:23,2017-07-22 06:06:23,2015-07-22 06:06:23
4471dcc3-af35-4bda-8ada-e60c8586a714,td,A,2015-07-12 06:04:57,2017-07-22 06:04:57,2015-07-22 06:04:57
44a2d89e-9422-455b-9089-4dbbb0c60bbb,zw,A,2015-07-12 06:07:35,2017-07-22 06:07:35,2015-07-22 06:07:35
4541404c-f10d-4755-979f-95149c4a271e,qa,A,2015-07-12 06:06:43,2017-07-22 06:06:43,2015-07-22 06:06:43
46f8d783-c63e-4002-8552-2bbcb29b5c9d,kh,A,2015-07-12 06:04:52,2017-07-22 06:04:52,2015-07-22 06:04:52
4750857a-bc63-4c14-9b37-9bf70218db74,bn,A,2015-07-12 06:04:49,2017-07-22 06:04:49,2015-07-22 06:04:49
47aa0685-7529-4efb-9124-7c7c42c50bdd,va,A,2015-07-12 06:05:40,2017-07-22 06:05:40,2015-07-22 06:05:40
49377c75-8ef0-4f0b-aa59-5bf744f69707,bz,A,2015-07-12 06:04:40,2017-07-22 06:04:40,2015-07-22 06:04:40
4a4727ba-befb-44a5-8168-3c67d715457b,me,A,2015-07-12 06:06:16,2017-07-22 06:06:16,2015-07-22 06:06:16
4bb1ade3-92dd-4153-8998-5ce4054ebae0,nz,A,2015-07-12 06:06:26,2017-07-22 06:06:26,2015-07-22 06:06:26
4d772531-267e-4232-ad35-32cf0c48ce69,ph,A,2015-07-12 06:06:38,2017-07-22 06:06:38,2015-07-22 06:06:38
4e4ec539-9fa9-43ea-a3b1-69b7bcac0ba2,mc,A,2015-07-12 06:06:14,2017-07-22 06:06:14,2015-07-22 06:06:14
4f45c6b6-6075-4ad9-92a8-376055b863ad,ms,A,2015-07-12 06:06:17,2017-07-22 06:06:17,2015-07-22 06:06:17
4fbb396d-bd9a-40ef-9610-695f64997990,hu,A,2015-07-12 06:05:42,2017-07-22 06:05:42,2015-07-22 06:05:42
50b549b3-1553-4e75-bcfe-ad51149fe95a,vn,A,2015-07-12 06:07:31,2017-07-22 06:07:31,2015-07-22 06:07:31
54ae672e-6bb7-4f9f-99d7-e4303f9a31cc,sr,A,2015-07-12 06:07:07,2017-07-22 06:07:07,2015-07-22 06:07:07
55ecb5bc-f98a-4c27-8cbe-4aa3d2071a0e,pl,A,2015-07-12 06:06:40,2017-07-22 06:06:40,2015-07-22 06:06:40
566ed125-9a8f-4ec6-aa03-6bff19c83b3c,mz,A,2015-07-12 06:06:19,2017-07-22 06:06:19,2015-07-22 06:06:19
56de54b5-fdff-46bc-9a41-4ae9039d52d6,ca,A,2015-07-12 06:04:54,2017-07-22 06:04:54,2015-07-22 06:04:54
5730267f-0c1f-42e4-b385-542017468e12,se,A,2015-07-12 06:07:08,2017-07-22 06:07:08,2015-07-22 06:07:08
585c10c7-595a-4c0b-92eb-bbdfa3185619,gs,A,2015-07-12 06:07:04,2017-07-22 06:07:04,2015-07-22 06:07:04
59a4f1a4-104e-47f7-b652-97858f43fc48,sn,A,2015-07-12 06:06:56,2017-07-22 06:06:56,2015-07-22 06:06:56
5b3fab25-60ed-4c0b-8941-576646bd9f8f,my,A,2015-07-12 06:06:06,2017-07-22 06:06:06,2015-07-22 06:06:06
5c92a597-dd16-4d5d-8bd3-4a5c93a2622b,fi,A,2015-07-12 06:05:21,2017-07-22 06:05:21,2015-07-22 06:05:21
5dc8b65e-26fc-4a84-a668-d895a5d90ef0,pw,A,2015-07-12 06:06:34,2017-07-22 06:06:34,2015-07-22 06:06:34
5eb8174b-2d5d-427a-a4ac-164a4e668963,gn,A,2015-07-12 06:05:36,2017-07-22 06:05:36,2015-07-22 06:05:36
60884240-eee7-47c7-817f-5bf0e6c637f1,lt,A,2015-07-12 06:06:02,2017-07-22 06:06:02,2015-07-22 06:06:02
60909055-6bb7-46f5-9cd3-09d11f5641f6,mo,A,2015-07-12 06:06:04,2017-07-22 06:06:04,2015-07-22 06:06:04
60b6abe8-923b-47cb-92ca-10b23081c7e4,ck,A,2015-07-12 06:05:03,2017-07-22 06:05:03,2015-07-22 06:05:03
62e56838-2f68-4b0c-893b-1266a0844ad8,dm,A,2015-07-12 06:05:11,2017-07-22 06:05:11,2015-07-22 06:05:11
6320f04f-46a9-4609-9287-35ca82ca1268,ga,A,2015-07-12 06:05:26,2017-07-22 06:05:26,2015-07-22 06:05:26
6352659f-490d-4261-af0c-8a2893148468,uz,A,2015-07-12 06:07:28,2017-07-22 06:07:28,2015-07-22 06:07:28
645af519-5080-497a-8d05-416f0dc06572,pg,A,2015-07-12 06:06:36,2017-07-22 06:06:36,2015-07-22 06:06:36
65721806-4b9e-44d3-8178-06677eeb70ae,fj,A,2015-07-12 06:05:21,2017-07-22 06:05:21,2015-07-22 06:05:21
661b68fc-f10b-4789-befd-73bcd0f79fef,ki,A,2015-07-12 06:05:55,2017-07-22 06:05:55,2015-07-22 06:05:55
69696ce9-daa9-4af2-b457-1aee19115b72,bf,A,2015-07-12 06:04:51,2017-07-22 06:04:51,2015-07-22 06:04:51
6abad52d-6570-49c4-98aa-0330134b6c6d,nu,A,2015-07-12 06:06:29,2017-07-22 06:06:29,2015-07-22 06:06:29
6b5517bd-905e-4f44-aa86-34bd9ac6356e,sm,A,2015-07-12 06:06:53,2017-07-22 06:06:53,2015-07-22 06:06:53
6dce9d6e-621f-46f4-859e-96a6f5d02ab1,tj,A,2015-07-12 06:07:11,2017-07-22 06:07:11,2015-07-22 06:07:11
6e260b3b-8858-4c6e-b66e-d866245e3178,cf,A,2015-07-12 06:04:56,2017-07-22 06:04:56,2015-07-22 06:04:56
6e85d7f1-d431-41af-89f8-b2b108d68cf9,mq,A,2015-07-12 06:06:10,2017-07-22 06:06:10,2015-07-22 06:06:10
6f3824ac-2f14-4c12-8572-96cb25508894,mv,A,2015-07-12 06:06:07,2017-07-22 06:06:07,2015-07-22 06:06:07
6ff5ac89-8fe8-441d-9f4e-21c5008538d5,cc,A,2015-07-12 06:05:00,2017-07-22 06:05:00,2015-07-22 06:05:00
702634b7-3ac2-48df-8e11-d8cd9b4f6d57,ky,A,2015-07-12 06:04:55,2017-07-22 06:04:55,2015-07-22 06:04:55
7056dfad-a3f4-446f-bb4e-bb7d8eeee2c3,mu,A,2015-07-12 06:06:12,2017-07-22 06:06:12,2015-07-22 06:06:12
70a0ab1e-2b63-4a38-94e0-2c161c0eea62,kz,A,2015-07-12 06:05:53,2017-07-22 06:05:53,2015-07-22 06:05:53
73474fbc-d4dc-4452-85da-3a460db8cbfd,pr,A,2015-07-12 06:06:42,2017-07-22 06:06:42,2015-07-22 06:06:42
735c898c-80f4-4397-beef-d87d78e20db8,fr,A,2015-07-12 06:05:22,2017-07-22 06:05:22,2015-07-22 06:05:22
73dc49fe-2444-4358-a469-0bcd7fe16d04,es,A,2015-07-12 06:07:05,2017-07-22 06:07:05,2015-07-22 06:07:05
74ab0add-6558-4cef-a4ce-cfaf5c6ac405,nf,A,2015-07-12 06:06:30,2017-07-22 06:06:30,2015-07-22 06:06:30
75ca1be9-44f4-42f7-baad-d616b11c8b03,vc,A,2015-07-12 06:06:52,2017-07-22 06:06:52,2015-07-22 06:06:52
75cc665d-907b-4a8c-afa3-dc65800f3d93,uy,A,2015-07-12 06:07:28,2017-07-22 06:07:28,2015-07-22 06:07:28
787fcad7-1166-434c-9ca6-184c1682254a,no,A,2015-07-12 06:06:31,2017-07-22 06:06:31,2015-07-22 06:06:31
7ba9da89-d1fb-4dc7-8b17-cdb73031fbc4,at,A,2015-07-12 06:04:34,2017-07-22 06:04:34,2015-07-22 06:04:34
7d48685b-4129-446b-892f-1f1d3de6dc13,de,A,2015-07-12 06:05:28,2017-07-22 06:05:28,2015-07-22 06:05:28
7ec20b69-87bf-4a96-bf46-3a7915cd141e,gh,A,2015-07-12 06:05:29,2017-07-22 06:05:29,2015-07-22 06:05:29
7f4a1e24-6a40-437b-bcd3-f7dc2f8c00cf,br,A,2015-07-12 06:04:47,2017-07-22 06:04:47,2015-07-22 06:04:47
810acd15-dadb-44c6-9164-f8b62b895648,be,A,2015-07-12 06:04:40,2017-07-22 06:04:40,2015-07-22 06:04:40
819cbe9f-037c-4434-913c-4e66051d51d2,ec,A,2015-07-12 06:05:13,2017-07-22 06:05:13,2015-07-22 06:05:13
81f4222a-72c6-4432-b5a9-32d76fbbf50b,ly,A,2015-07-12 06:06:01,2017-07-22 06:06:01,2015-07-22 06:06:01
823c5cb7-5669-42e8-a063-5811d20c642f,rs,A,2015-07-12 06:06:57,2017-07-22 06:06:57,2015-07-22 06:06:57
82a8afdd-78f3-4e98-a60e-41317da13ce2,vu,A,2015-07-12 06:07:29,2017-07-22 06:07:29,2015-07-22 06:07:29
82f54753-6b96-4940-aa08-baa72c027fa6,py,A,2015-07-12 06:06:37,2017-07-22 06:06:37,2015-07-22 06:06:37
836c3196-8b92-4221-bf0d-e561d89e5276,md,A,2015-07-12 06:06:45,2017-07-22 06:06:45,2015-07-22 06:06:45
841f4e1e-76de-4123-93c3-a422a610378d,pm,A,2015-07-12 06:06:51,2017-07-22 06:06:51,2015-07-22 06:06:51
84b87ae1-88ac-4089-8a0f-dd5f5d0d292e,im,A,2015-07-12 06:05:48,2017-07-22 06:05:48,2015-07-22 06:05:48
8513f9c8-b05b-4579-a834-9a3ee668e9c9,gl,A,2015-07-12 06:05:31,2017-07-22 06:05:31,2015-07-22 06:05:31
86c8a740-6096-4eef-a341-b292df25b3ea,fm,A,2015-07-12 06:05:20,2017-07-22 06:05:20,2015-07-22 06:05:20
87ba8fed-ff4b-4a1d-9ecf-a7e8c9bf2d06,ps,A,2015-07-12 06:06:32,2017-07-22 06:06:32,2015-07-22 06:06:32
87f1f3d4-2c4e-451f-8f3c-547b5c147e70,by,A,2015-07-12 06:04:39,2017-07-22 06:04:39,2015-07-22 06:04:39
88075bed-14f3-46fe-9934-ef0300ba64e4,to,A,2015-07-12 06:07:16,2017-07-22 06:07:16,2015-07-22 06:07:16
89ba9a4a-26b6-4827-a1da-2a9603db59ff,mt,A,2015-07-12 06:06:09,2017-07-22 06:06:09,2015-07-22 06:06:09
8beb1990-df22-45ba-93bb-76e97aadeede,fk,A,2015-07-12 06:05:18,2017-07-22 06:05:18,2015-07-22 06:05:18
8c49fcd0-47cf-4920-b011-873574297755,tk,A,2015-07-12 06:07:16,2017-07-22 06:07:16,2015-07-22 06:07:16
8c7e8eeb-6e8f-4e6d-a847-b18932adc808,sk,A,2015-07-12 06:07:00,2017-07-22 06:07:00,2015-07-22 06:07:00
8d19dc63-e3b7-4838-8850-c9c2ee98403c,ro,A,2015-07-12 06:06:46,2017-07-22 06:06:46,2015-07-22 06:06:46
8f6b53d3-3568-45ea-92ab-215401a95841,sb,A,2015-07-12 06:07:01,2017-07-22 06:07:01,2015-07-22 06:07:01
9033c6e8-891c-4314-aed9-c2970e6262e8,tc,A,2015-07-12 06:07:20,2017-07-22 06:07:20,2015-07-22 06:07:20
918335ae-a128-41e6-9c85-73b8a06f3759,bb,A,2015-07-12 06:04:38,2017-07-22 06:04:38,2015-07-22 06:04:38
924c15e9-af6a-496f-9a3d-cb909e7eaf8a,gi,A,2015-07-12 06:05:30,2017-07-22 06:05:30,2015-07-22 06:05:30
927df82c-ca9c-4448-820e-fe687973caaa,ye,A,2015-07-12 06:07:34,2017-07-22 06:07:34,2015-07-22 06:07:34
92dbcf62-48cb-469c-a6c1-7dc504185ba1,je,A,2015-07-12 06:05:51,2017-07-22 06:05:51,2015-07-22 06:05:51
92f3261e-8594-43af-aee7-7a96f1372ca6,ai,A,2015-07-12 06:04:29,2017-07-22 06:04:29,2015-07-22 06:04:29
93e4e63b-f2c6-46df-8f15-e128c3add449,mr,A,2015-07-12 06:06:11,2017-07-22 06:06:11,2015-07-22 06:06:11
945f66cf-7f33-41d2-86c1-833763546b77,do,A,2015-07-12 06:05:12,2017-07-22 06:05:12,2015-07-22 06:05:12
94e4127e-6d04-42ae-a2c4-a5b5a8c49276,mg,A,2015-07-12 06:06:05,2017-07-22 06:06:05,2015-07-22 06:06:05
9a7df376-2593-4b30-80b0-b3880847d5d2,dz,A,2015-07-12 06:04:25,2017-07-22 06:04:25,2015-07-22 06:04:25
9c0fc7ae-b2f2-4367-bf07-5e4b54da3484,gq,A,2015-07-12 06:05:15,2017-07-22 06:05:15,2015-07-22 06:05:15
9c78f14a-6e5a-42e4-90e6-72149f72b0ee,pn,A,2015-07-12 06:06:39,2017-07-22 06:06:39,2015-07-22 06:06:39
9d22c548-e387-4701-a11e-fb96cf5be01b,kw,A,2015-07-12 06:05:55,2017-07-22 06:05:55,2015-07-22 06:05:55
9ef58165-8631-43ac-9ec9-cadb2f6d4ef4,gu,A,2015-07-12 06:05:33,2017-07-22 06:05:33,2015-07-22 06:05:33
9fc7f729-8a79-4150-9773-682a46825e33,tv,A,2015-07-12 06:07:21,2017-07-22 06:07:21,2015-07-22 06:07:21
a220ffdb-eff8-4241-bdd7-de064b795f5d,il,A,2015-07-12 06:05:48,2017-07-22 06:05:48,2015-07-22 06:05:48
a2f2960d-5c20-4c2a-8595-7189873d7565,bg,A,2015-07-12 06:04:50,2017-07-22 06:04:50,2015-07-22 06:04:50
a33e53fb-ec1d-4733-b0fb-01bcd04e7f67,ni,A,2015-07-12 06:06:27,2017-07-22 06:06:27,2015-07-22 06:06:27
a342e7c5-dfa3-48c2-8155-95ff79900f6f,cy,A,2015-07-12 06:05:07,2017-07-22 06:05:07,2015-07-22 06:05:07
a3d722fb-7edd-4b0d-88f9-0a2870c0fde3,mw,A,2015-07-12 06:06:06,2017-07-22 06:06:06,2015-07-22 06:06:06
a4e96364-b956-43df-b6b5-398ffa6d1697,gd,A,2015-07-12 06:05:32,2017-07-22 06:05:32,2015-07-22 06:05:32
a5c54cde-bd6b-4d5d-a47f-54dc437476f4,zm,A,2015-07-12 06:07:34,2017-07-22 06:07:34,2015-07-22 06:07:34
a6a86d8e-1be4-4831-92d5-1a5425340c6a,io,A,2015-07-12 06:04:47,2017-07-22 06:04:47,2015-07-22 06:04:47
a9554617-ae67-41bb-ba0e-97b07f97abea,tl,A,2015-07-12 06:07:14,2017-07-22 06:07:14,2015-07-22 06:07:14
aa1d6b38-4e26-4728-ad13-92158c24fd1d,np,A,2015-07-12 06:06:23,2017-07-22 06:06:23,2015-07-22 06:06:23
acd4fad1-a775-4c3a-aa5b-070af7d2df2d,au,A,2015-07-12 06:04:33,2017-07-22 06:04:33,2015-07-22 06:04:33
ad090e11-4d23-49e5-9b5f-1dc29bf450ad,km,A,2015-07-12 06:05:02,2017-07-22 06:05:02,2015-07-22 06:05:02
ad603247-36ef-4842-beb0-38d05c6d3b52,cu,A,2015-07-12 06:05:06,2017-07-22 06:05:06,2015-07-22 06:05:06
ad7bd7d0-ddc9-437e-8424-0dcc0ebeb11e,ao,A,2015-07-12 06:04:28,2017-07-22 06:04:28,2015-07-22 06:04:28
aeef2584-6ec2-4c86-8a54-87e6cd50321d,tw,A,2015-07-12 06:06:42,2017-07-22 06:06:42,2015-07-22 06:06:42
af14440f-8b70-445d-81a5-bccc45eb8f51,nr,A,2015-07-12 06:06:22,2017-07-22 06:06:22,2015-07-22 06:06:22
b07213bb-9dd7-4ed9-9afd-ccaf213954b7,yt,A,2015-07-12 06:06:13,2017-07-22 06:06:13,2015-07-22 06:06:13
b2e62e63-db10-409d-870a-bbbb75a3f1fa,bo,A,2015-07-12 06:04:44,2017-07-22 06:04:44,2015-07-22 06:04:44
b3038ba7-cde0-4f7c-b907-956f103c4acd,pa,A,2015-07-12 06:06:35,2017-07-22 06:06:35,2015-07-22 06:06:35
b4597557-4c1b-4d83-a0e5-ed1ef465b1c7,jm,A,2015-07-12 06:05:50,2017-07-22 06:05:50,2015-07-22 06:05:50
b50a98eb-1739-483c-ac49-a237049c4865,mp,A,2015-07-12 06:06:31,2017-07-22 06:06:31,2015-07-22 06:06:31
b5676b6c-65c3-404b-acb5-f672701a4e2a,rw,A,2015-07-12 06:06:48,2017-07-22 06:06:48,2015-07-22 06:06:48
b6a913c9-c4fd-4847-b579-3fd366e81a7a,cd,A,2015-07-12 06:07:13,2017-07-22 06:07:13,2015-07-22 06:07:13
b7e6c39b-daf6-410c-b7e9-da62938d469e,ml,A,2015-07-12 06:06:08,2017-07-22 06:06:08,2015-07-22 06:06:08
b7fc2d3b-3dbd-4891-9e13-10f2a7d4a982,mm,A,2015-07-12 06:06:20,2017-07-22 06:06:20,2015-07-22 06:06:20
b84ca0ac-511f-4786-a47f-7db69253092e,et,A,2015-07-12 06:05:18,2017-07-22 06:05:18,2015-07-22 06:05:18
b879c8f6-f1c3-4fc4-ba8d-23556689bf41,sy,A,2015-07-12 06:07:10,2017-07-22 06:07:10,2015-07-22 06:07:10
ba4c2ef5-2292-4b1f-87e3-d82da80a5a44,kp,A,2015-07-12 06:05:09,2017-07-22 06:05:09,2015-07-22 06:05:09
bcfa5d9e-5180-44fe-8bf3-908006e4bb24,bv,A,2015-07-12 06:04:46,2017-07-22 06:04:46,2015-07-22 06:04:46
be395852-e76c-4e33-afd6-b08509f1289a,in,A,2015-07-12 06:05:44,2017-07-22 06:05:44,2015-07-22 06:05:44
bed303ea-07d4-4d96-ba2a-b7d2f09d91ef,nc,A,2015-07-12 06:06:25,2017-07-22 06:06:25,2015-07-22 06:06:25
bedd08d1-c984-4c40-bdd9-e63ca8afd76a,om,A,2015-07-12 06:06:33,2017-07-22 06:06:33,2015-07-22 06:06:33
c0f3399e-38b5-408a-9fe7-41506dc29358,sa,A,2015-07-12 06:06:55,2017-07-22 06:06:55,2015-07-22 06:06:55
c19c7355-9a58-42ee-aca1-7eb6efc08e87,ge,A,2015-07-12 06:05:27,2017-07-22 06:05:27,2015-07-22 06:05:27
c1d09bb1-05eb-4aa8-b61d-70d2b9da96fa,gp,A,2015-07-12 06:05:33,2017-07-22 06:05:33,2015-07-22 06:05:33
c520479c-c071-4663-83d3-db4dea88e695,ua,A,2015-07-12 06:07:24,2017-07-22 06:07:24,2015-07-22 06:07:24
c64663dc-ad31-451d-9063-dc9db1a5f4ed,as,A,2015-07-12 06:04:26,2017-07-22 06:04:26,2015-07-22 06:04:26
c64bce09-984f-4959-bd6b-ffa43a40d3cf,aw,A,2015-07-12 06:04:32,2017-07-22 06:04:32,2015-07-22 06:04:32
c6ffafa3-7ecd-42e5-9360-3ce13d5420cd,cn,A,2015-07-12 06:04:59,2017-07-22 06:04:59,2015-07-22 06:04:59
c93e6ab9-677b-4087-b0dc-3f7e1f1b7e96,ba,A,2015-07-12 06:04:44,2017-07-22 06:04:44,2015-07-22 06:04:44
c9564dc9-586f-44ab-94c7-f191b29d8860,co,A,2015-07-12 06:05:01,2017-07-22 06:05:01,2015-07-22 06:05:01
ca93bc03-2c75-4de4-9daf-8a9c9b69f8a6,sl,A,2015-07-12 06:06:58,2017-07-22 06:06:58,2015-07-22 06:06:58
cabdceb6-bf16-4da3-9b49-f2361a67c2dc,er,A,2015-07-12 06:05:16,2017-07-22 06:05:16,2015-07-22 06:05:16
cad38008-65ed-49ea-860c-55aa3675f1ce,al,A,2015-07-12 06:04:25,2017-07-22 06:04:25,2015-07-22 06:04:25
cae48dc6-9194-4f26-a132-ffc3874e9d72,id,A,2015-07-12 06:05:44,2017-07-22 06:05:44,2015-07-22 06:05:44
cb782cef-c923-4726-bfce-3e54a29bc894,cv,A,2015-07-12 06:04:55,2017-07-22 06:04:55,2015-07-22 06:04:55
cd2ff88a-8bfe-49dc-a958-550293b2862a,hm,A,2015-07-12 06:05:39,2017-07-22 06:05:39,2015-07-22 06:05:39
cdd2da1f-99fc-40a1-82cf-6c8d4b32ba3d,ir,A,2015-07-12 06:05:47,2017-07-22 06:05:47,2015-07-22 06:05:47
cefe149b-6189-436b-9c24-769a3b76e232,lb,A,2015-07-12 06:05:58,2017-07-22 06:05:58,2015-07-22 06:05:58
d1bcfa26-8f33-4005-b979-ff935bb91c4b,hr,A,2015-07-12 06:05:06,2017-07-22 06:05:06,2015-07-22 06:05:06
d2d83c9a-2381-49f0-bceb-58beeb3ee080,am,A,2015-07-12 06:04:31,2017-07-22 06:04:31,2015-07-22 06:04:31
d2f8d7bc-47d9-4004-b6c9-d0487c949623,ee,A,2015-07-12 06:05:17,2017-07-22 06:05:17,2015-07-22 06:05:17
d503d614-a25b-43f8-bcd3-9b204316cf1b,za,A,2015-07-12 06:07:03,2017-07-22 06:07:03,2015-07-22 06:07:03
d5f4438d-ab93-4dcb-b7fa-97d4a9e9871f,tf,A,2015-07-12 06:05:25,2017-07-22 06:05:25,2015-07-22 06:05:25
d726f5a3-43aa-42c8-b2af-30544a67cf83,dk,A,2015-07-12 06:05:10,2017-07-22 06:05:10,2015-07-22 06:05:10
d72967a7-3879-4b9f-a976-3e3fa0791739,ls,A,2015-07-12 06:05:59,2017-07-22 06:05:59,2015-07-22 06:05:59
d7306a8d-402f-46e7-8d65-bc8194efb9a5,sz,A,2015-07-12 06:07:08,2017-07-22 06:07:08,2015-07-22 06:07:08
d7ba4661-6748-4b12-8007-dcaf4b58e1e3,ve,A,2015-07-12 06:07:30,2017-07-22 06:07:30,2015-07-22 06:07:30
dc02005f-c1f0-4961-851a-86e5d28e8d69,bs,A,2015-07-12 06:04:36,2017-07-22 06:04:36,2015-07-22 06:04:36
dc3a14df-5c41-4fbb-a220-554e175c4ca9,lv,A,2015-07-12 06:05:58,2017-07-22 06:05:58,2015-07-22 06:05:58
dcde5191-09bc-4d5b-87f3-76485350759f,re,A,2015-07-12 06:06:46,2017-07-22 06:06:46,2015-07-22 06:06:46
dd04ea9d-3549-46d0-b9cc-8df483e74345,jo,A,2015-07-12 06:05:52,2017-07-22 06:05:52,2015-07-22 06:05:52
dd53cbf4-e9c5-4a31-83d5-10b98819135e,pt,A,2015-07-12 06:06:41,2017-07-22 06:06:41,2015-07-22 06:06:41
df4c40b4-da75-4f5f-8ac0-8c54b35b71d4,tz,A,2015-07-12 06:07:26,2017-07-22 06:07:26,2015-07-22 06:07:26
df9890a7-179d-44f3-a0c2-7395818e983c,us,A,2015-07-12 06:07:27,2017-07-22 06:07:27,2015-07-22 06:07:27
e0801bce-204e-4828-b851-b300ed70c3c5,gm,A,2015-07-12 06:05:26,2017-07-22 06:05:26,2015-07-22 06:05:26
e23cc455-b9c0-4ce1-8d96-4fec29fba812,hn,A,2015-07-12 06:05:41,2017-07-22 06:05:41,2015-07-22 06:05:41
e2778d10-b28b-49d2-b99f-d7fcd51e0a64,lr,A,2015-07-12 06:06:00,2017-07-22 06:06:00,2015-07-22 06:06:00
e2c1b074-5a80-499d-81fc-5fdf53ff3a3f,af,A,2015-07-12 06:04:24,2017-07-22 06:04:24,2015-07-22 06:04:24
e2d056a0-b34b-4465-b46c-befe6ec46ae9,tm,A,2015-07-12 06:07:20,2017-07-22 06:07:20,2015-07-22 06:07:20
e40b9c0d-663d-476f-9e34-af7d105238a4,ar,A,2015-07-12 06:04:30,2017-07-22 06:04:30,2015-07-22 06:04:30
e5194786-a9df-4abd-af04-ed65307f5836,mh,A,2015-07-12 06:06:10,2017-07-22 06:06:10,2015-07-22 06:06:10
e7789734-d56a-4738-9c1f-468d0a15e998,na,A,2015-07-12 06:06:21,2017-07-22 06:06:21,2015-07-22 06:06:21
e7c325a2-b43b-440e-a749-ef3c8f8d26aa,dj,A,2015-07-12 06:05:11,2017-07-22 06:05:11,2015-07-22 06:05:11
e987bb31-b9b5-4ccb-90eb-ff033391fb10,sc,A,2015-07-12 06:06:57,2017-07-22 06:06:57,2015-07-22 06:06:57
ea7ef9eb-43b6-45ce-89bc-64e16cec0b82,bi,A,2015-07-12 06:04:51,2017-07-22 06:04:51,2015-07-22 06:04:51
ecbb3bde-751e-45de-bd8d-567cf3fecf67,lu,A,2015-07-12 06:06:03,2017-07-22 06:06:03,2015-07-22 06:06:03
ee5a9bd4-ccba-4531-be00-42c8eed638ec,bt,A,2015-07-12 06:04:43,2017-07-22 06:04:43,2015-07-22 06:04:43
efeee5f6-bddd-4039-b2de-d35d3759c743,lk,A,2015-07-12 06:07:05,2017-07-22 06:07:05,2015-07-22 06:07:05
f0d806a5-5f0f-4ee2-bd0b-39d80f7f1d3b,bm,A,2015-07-12 06:04:42,2017-07-22 06:04:42,2015-07-22 06:04:42
f4ae847a-cdca-4ac6-abef-dd8a3831465f,ne,A,2015-07-12 06:06:27,2017-07-22 06:06:27,2015-07-22 06:06:27
f4ae8cdb-607a-4896-b19c-43359114abe8,sg,A,2015-07-12 06:06:59,2017-07-22 06:06:59,2015-07-22 06:06:59
f5810899-8a39-4dd4-b2a1-b4e5cbf3d069,kr,A,2015-07-12 06:06:44,2017-07-22 06:06:44,2015-07-22 06:06:44
f7c7ebda-7d51-451b-b251-fa50275da301,bw,A,2015-07-12 06:04:45,2017-07-22 06:04:45,2015-07-22 06:04:45
f871eff3-a79c-436d-a931-2142a83adb0c,bh,A,2015-07-12 06:04:36,2017-07-22 06:04:36,2015-07-22 06:04:36
f8a4913f-3cf4-4ec5-89fe-458a50689d41,ie,A,2015-07-12 06:05:46,2017-07-22 06:05:46,2015-07-22 06:05:46
f960f2f8-00fe-4200-a7f2-bec9bef68026,az,A,2015-07-12 06:04:35,2017-07-22 06:04:35,2015-07-22 06:04:35
f9c14e32-171e-49da-835d-d292dc99de16,jp,A,2015-07-12 06:05:51,2017-07-22 06:05:51,2015-07-22 06:05:51
fad7d557-d766-48f1-9cc8-c3476a2d371f,li,A,2015-07-12 06:06:02,2017-07-22 06:06:02,2015-07-22 06:06:02
fbbf7b28-86a7-47bd-8194-50c51358c5e8,ag,A,2015-07-12 06:04:29,2017-07-22 06:04:29,2015-07-22 06:04:29
fd1e2c96-dfd3-4ef4-b536-0ddedd8e6ce9,pf,A,2015-07-12 06:05:24,2017-07-22 06:05:24,2015-07-22 06:05:24
fd314ef1-1203-4dfc-8e24-022b5dc95749,ma,A,2015-07-12 06:06:18,2017-07-22 06:06:18,2015-07-22 06:06:18
fec8db6c-a8bf-4e3c-bda5-9f85814c0d1f,mx,A,2015-07-12 06:06:14,2017-07-22 06:06:14,2015-07-22 06:06:14
ff657bba-49e2-4159-bf12-2965594431f3,lc,A,2015-07-12 06:06:50,2017-07-22 06:06:50,2015-07-22 06:06:50
ff8769c0-bfaf-44cf-9e81-5ac37868e341,gr,A,2015-07-12 06:05:30,2017-07-22 06:05:30,2015-07-22 06:05:30
ffa48675-1696-4b9a-9418-a889e7a7873f,ht,A,2015-07-12 06:05:38,2017-07-22 06:05:38,2015-07-22 06:05:38
