5	1	10	54	62069.97	9310.50	2006-08-05 00:00:00
7	1	8	60	57501.02	8625.15	2009-11-09 00:00:00
10	1	6	100	46457.35	6968.60	2008-05-13 00:00:00
11	1	9	54	16411.14	2461.67	2011-03-09 00:00:00
15	1	8	88	19529.87	2929.48	2010-03-16 00:00:00
17	1	2	97	40886.57	6132.99	2004-06-09 00:00:00
18	1	4	91	92542.63	13881.39	2010-11-13 00:00:00
20	1	6	93	14211.47	2131.72	2007-09-12 00:00:00
25	1	2	59	8625.17	1293.78	2002-09-06 00:00:00
26	1	8	77	91784.35	13767.65	2008-01-15 00:00:00
28	1	2	71	24719.41	3707.91	2005-08-18 00:00:00
30	1	4	92	64506.42	9675.96	2009-01-05 00:00:00
31	1	9	64	20442.59	3066.39	2002-07-26 00:00:00
33	1	9	57	96774.35	14516.15	2009-10-02 00:00:00
37	1	3	78	69586.96	10438.04	2010-05-15 00:00:00
44	1	7	51	60653.65	9098.05	2004-02-01 00:00:00
46	1	10	51	76712.23	11506.83	2006-11-21 00:00:00
49	1	7	51	18194.55	2729.18	2007-05-15 00:00:00
53	1	5	93	85876.94	12881.54	2003-05-12 00:00:00
55	1	4	85	68775.16	10316.27	2002-11-21 00:00:00
62	1	5	52	58561.64	8784.25	2006-03-19 00:00:00
65	1	6	74	46930.10	7039.52	2001-05-19 00:00:00
69	1	5	95	28353.05	4252.96	2001-07-14 00:00:00
71	1	6	73	66005.54	9900.83	2002-01-13 00:00:00
74	1	9	86	4313.79	647.07	2011-04-28 00:00:00
79	1	3	62	89340.00	13401.00	2007-10-15 00:00:00
80	1	6	70	36956.46	5543.47	2012-03-22 00:00:00
82	1	6	78	49274.79	7391.22	2012-01-26 00:00:00
84	1	8	59	51448.13	7717.22	2007-04-23 00:00:00
85	1	3	62	50208.27	7531.24	2006-10-20 00:00:00
87	1	9	54	77503.81	11625.57	2002-04-03 00:00:00
93	1	6	85	66041.16	9906.17	2012-12-17 00:00:00
98	1	4	71	26168.51	3925.28	2003-03-01 00:00:00
100	1	9	54	62138.21	9320.73	2003-07-04 00:00:00
104	1	2	55	45460.70	6819.11	2001-09-05 00:00:00
107	1	1	95	21483.39	3222.51	2007-04-04 00:00:00
108	1	3	51	81787.26	12268.09	2008-06-24 00:00:00
114	1	8	55	27505.48	4125.82	2001-10-11 00:00:00
117	1	8	89	31212.72	4681.91	2009-12-27 00:00:00
120	1	2	67	36181.02	5427.15	2005-12-04 00:00:00
121	1	2	70	48837.40	7325.61	2009-07-25 00:00:00
122	1	10	73	85475.10	12821.27	2001-10-10 00:00:00
125	1	6	58	53246.74	7987.01	2008-03-02 00:00:00
8	3	5	62	33359.88	5003.98	2011-04-10 00:00:00
24	3	3	57	49113.66	7367.05	2009-10-14 00:00:00
31	3	3	84	7789.98	1168.50	2011-05-06 00:00:00
33	3	1	90	3757.60	563.64	2004-06-08 00:00:00
34	3	3	58	91488.75	13723.31	2007-10-03 00:00:00
35	3	4	89	15187.85	2278.18	2001-09-17 00:00:00
37	3	8	100	77791.08	11668.66	2005-10-15 00:00:00
40	3	4	75	46960.89	7044.13	2007-05-11 00:00:00
43	3	3	87	11059.73	1658.96	2010-12-01 00:00:00
44	3	2	96	88453.00	13267.95	2008-05-23 00:00:00
45	3	3	77	81009.55	12151.43	2005-11-24 00:00:00
49	3	6	82	71707.12	10756.07	2006-12-19 00:00:00
50	3	5	50	90970.90	13645.64	2008-02-01 00:00:00
57	3	6	91	2527.93	379.19	2009-07-19 00:00:00
58	3	4	85	5653.06	847.96	2006-02-10 00:00:00
59	3	5	63	79599.25	11939.89	2011-02-02 00:00:00
60	3	9	60	66943.59	10041.54	2006-08-17 00:00:00
62	3	2	81	15358.81	2303.82	2009-09-10 00:00:00
63	3	1	59	69330.46	10399.57	2004-11-19 00:00:00
64	3	9	94	15557.95	2333.69	2012-08-11 00:00:00
65	3	8	66	35634.12	5345.12	2001-10-11 00:00:00
66	3	10	78	53805.64	8070.85	2002-08-19 00:00:00
68	3	3	92	45233.14	6784.97	2006-12-13 00:00:00
69	3	4	89	83988.07	12598.21	2007-01-13 00:00:00
70	3	4	70	74294.32	11144.15	2012-04-22 00:00:00
71	3	2	55	85862.28	12879.34	2009-11-18 00:00:00
77	3	1	52	33277.92	4991.69	2001-07-15 00:00:00
83	3	10	95	40769.25	6115.39	2009-05-09 00:00:00
87	3	4	87	29276.94	4391.54	2002-05-20 00:00:00
89	3	8	70	33163.84	4974.58	2005-02-15 00:00:00
90	3	7	80	75968.06	11395.21	2009-06-27 00:00:00
91	3	10	55	45414.39	6812.16	2005-01-03 00:00:00
93	3	5	64	64682.07	9702.31	2003-01-12 00:00:00
96	3	1	72	72479.51	10871.93	2010-06-18 00:00:00
100	3	2	66	1609.45	241.42	2009-08-09 00:00:00
102	3	2	54	17182.87	2577.43	2003-10-11 00:00:00
105	3	7	88	43371.04	6505.66	2008-06-06 00:00:00
112	3	10	85	96387.73	14458.16	2004-06-08 00:00:00
113	3	6	59	66567.16	9985.07	2012-11-18 00:00:00
116	3	5	90	69634.21	10445.13	2003-04-04 00:00:00
120	3	6	97	54138.56	8120.78	2004-04-16 00:00:00
123	3	8	78	61582.21	9237.33	2006-10-10 00:00:00
4	5	10	63	249.96	37.49	2004-11-10 00:00:00
5	5	5	91	52206.00	7830.90	2009-07-15 00:00:00
11	5	4	95	5383.96	807.59	2011-12-14 00:00:00
14	5	7	84	57552.03	8632.80	2007-12-23 00:00:00
15	5	10	78	79922.81	11988.42	2002-07-10 00:00:00
17	5	5	79	36942.35	5541.35	2009-11-13 00:00:00
18	5	4	85	23584.46	3537.67	2009-05-07 00:00:00
19	5	10	51	80934.47	12140.17	2001-12-14 00:00:00
20	5	3	96	63670.25	9550.54	2011-04-02 00:00:00
21	5	7	76	26933.65	4040.05	2006-11-05 00:00:00
22	5	10	78	52153.54	7823.03	2001-01-15 00:00:00
29	5	9	84	83219.90	12482.99	2012-04-17 00:00:00
31	5	6	95	52173.98	7826.10	2003-07-18 00:00:00
34	5	7	60	89152.17	13372.83	2009-11-10 00:00:00
35	5	7	89	99490.71	14923.61	2003-02-05 00:00:00
36	5	5	71	45724.55	6858.68	2007-08-08 00:00:00
43	5	5	77	52638.52	7895.78	2003-12-01 00:00:00
44	5	8	90	87132.82	13069.92	2012-04-17 00:00:00
46	5	10	60	59018.26	8852.74	2009-12-23 00:00:00
52	5	8	52	56085.98	8412.90	2008-06-24 00:00:00
55	5	7	79	74528.12	11179.22	2003-03-03 00:00:00
62	5	9	54	12564.60	1884.69	2012-02-20 00:00:00
67	5	9	67	85593.25	12838.99	2003-12-10 00:00:00
69	5	7	53	46142.52	6921.38	2002-04-14 00:00:00
75	5	6	57	44868.59	6730.29	2009-01-18 00:00:00
77	5	7	74	17344.65	2601.70	2003-06-26 00:00:00
80	5	4	66	38238.34	5735.75	2004-03-18 00:00:00
81	5	1	79	64794.49	9719.17	2008-12-21 00:00:00
82	5	3	83	2917.19	437.58	2001-01-14 00:00:00
83	5	10	69	19320.08	2898.01	2011-01-03 00:00:00
87	5	2	87	41967.69	6295.15	2002-10-05 00:00:00
94	5	1	93	70144.64	10521.70	2010-12-02 00:00:00
101	5	3	100	77994.82	11699.22	2011-09-19 00:00:00
104	5	6	81	8462.50	1269.38	2009-03-26 00:00:00
105	5	9	67	25293.99	3794.10	2002-01-16 00:00:00
109	5	9	92	75286.52	11292.98	2006-04-01 00:00:00
111	5	3	87	87684.30	13152.65	2008-10-21 00:00:00
112	5	4	85	92255.88	13838.38	2003-07-13 00:00:00
120	5	9	74	30143.97	4521.60	2007-08-12 00:00:00
124	5	8	57	70617.20	10592.58	2005-06-17 00:00:00
128	5	3	70	1684.66	252.70	2010-04-01 00:00:00
129	5	3	80	47560.05	7134.01	2006-01-01 00:00:00
9	6	7	69	62942.82	9441.42	2007-10-19 00:00:00
12	6	4	100	15788.08	2368.21	2004-04-19 00:00:00
14	6	6	62	9322.50	1398.38	2005-12-01 00:00:00
15	6	5	69	1093.29	163.99	2010-01-18 00:00:00
17	6	3	51	88385.08	13257.76	2006-05-13 00:00:00
19	6	8	91	98832.58	14824.89	2007-06-15 00:00:00
27	6	5	64	12571.58	1885.74	2009-03-06 00:00:00
29	6	3	77	92062.95	13809.44	2007-12-20 00:00:00
30	6	9	86	80029.21	12004.38	2009-09-26 00:00:00
31	6	2	83	77437.63	11615.64	2003-05-17 00:00:00
35	6	4	83	17581.33	2637.20	2007-08-28 00:00:00
37	6	5	81	75170.94	11275.64	2009-05-23 00:00:00
38	6	5	65	44449.83	6667.47	2012-01-17 00:00:00
43	6	3	65	41585.66	6237.85	2002-09-01 00:00:00
44	6	6	88	47591.86	7138.78	2003-11-16 00:00:00
45	6	6	81	91946.86	13792.03	2001-06-21 00:00:00
48	6	3	85	80120.02	12018.00	2001-09-19 00:00:00
49	6	1	66	84754.37	12713.16	2010-03-19 00:00:00
51	6	9	50	13653.17	2047.98	2006-11-26 00:00:00
56	6	4	94	33540.04	5031.01	2005-05-06 00:00:00
61	6	7	61	86413.93	12962.09	2002-02-23 00:00:00
62	6	2	84	44435.45	6665.32	2012-04-05 00:00:00
65	6	7	50	32332.33	4849.85	2007-04-07 00:00:00
69	6	2	50	42876.95	6431.54	2004-11-11 00:00:00
71	6	4	60	35853.95	5378.09	2011-02-24 00:00:00
72	6	3	100	84150.23	12622.53	2008-10-06 00:00:00
74	6	5	87	22212.67	3331.90	2005-03-28 00:00:00
76	6	6	94	51906.67	7786.00	2005-09-04 00:00:00
83	6	5	92	36239.65	5435.95	2010-06-05 00:00:00
86	6	10	57	56287.94	8443.19	2009-02-12 00:00:00
87	6	9	51	83550.46	12532.57	2004-06-25 00:00:00
88	6	8	57	57053.08	8557.96	2003-04-07 00:00:00
89	6	3	76	82689.77	12403.47	2004-06-26 00:00:00
93	6	9	75	57084.37	8562.66	2006-11-07 00:00:00
95	6	6	84	38932.16	5839.82	2007-08-11 00:00:00
98	6	10	81	61738.38	9260.76	2011-04-02 00:00:00
99	6	8	65	22675.82	3401.37	2002-05-28 00:00:00
102	6	4	93	19955.72	2993.36	2008-02-25 00:00:00
52	80	5	65	73490.85	11023.63	2010-10-13 00:00:00
57	80	9	89	33009.41	4951.41	2006-12-11 00:00:00
58	80	1	61	88650.02	13297.50	2012-03-18 00:00:00
62	80	8	64	57283.42	8592.51	2009-01-17 00:00:00
49	116	3	56	21991.97	3298.80	2008-10-09 00:00:00
54	116	7	73	34102.02	5115.30	2003-03-13 00:00:00
58	116	5	65	30565.22	4584.78	2009-06-02 00:00:00
63	116	4	85	13371.47	2005.72	2009-12-22 00:00:00
64	116	9	99	96713.47	14507.02	2007-02-16 00:00:00
65	116	3	50	47018.18	7052.73	2001-09-28 00:00:00
67	116	5	86	93895.11	14084.27	2012-08-06 00:00:00
69	116	9	66	873.15	130.97	2007-12-17 00:00:00
70	116	2	88	42403.54	6360.53	2011-10-23 00:00:00
72	116	2	64	15078.79	2261.82	2011-12-12 00:00:00
74	116	3	57	47328.29	7099.24	2003-01-22 00:00:00
77	116	1	92	67641.33	10146.20	2001-04-10 00:00:00
78	116	2	83	98365.64	14754.85	2004-08-26 00:00:00
80	116	1	50	25197.86	3779.68	2006-06-23 00:00:00
81	116	2	86	16358.90	2453.84	2008-01-09 00:00:00
83	116	9	63	94972.10	14245.82	2005-09-19 00:00:00
85	116	10	61	58742.00	8811.30	2007-12-28 00:00:00
86	116	4	84	93940.81	14091.12	2003-05-16 00:00:00
92	116	9	98	18136.05	2720.41	2006-05-11 00:00:00
97	116	5	76	6912.12	1036.82	2005-06-14 00:00:00
98	116	4	75	99234.28	14885.14	2012-05-19 00:00:00
102	116	9	57	19599.85	2939.98	2010-11-17 00:00:00
105	116	8	54	32435.13	4865.27	2008-11-05 00:00:00
108	116	1	71	78144.87	11721.73	2002-08-14 00:00:00
110	116	9	97	75479.68	11321.95	2003-10-13 00:00:00
111	116	7	79	74122.72	11118.41	2004-06-04 00:00:00
113	116	5	87	38108.83	5716.32	2007-05-04 00:00:00
115	116	10	73	46379.99	6957.00	2004-01-11 00:00:00
116	116	4	73	52203.17	7830.48	2001-05-13 00:00:00
117	116	10	80	10492.32	1573.85	2007-05-25 00:00:00
119	116	2	90	85442.28	12816.34	2004-01-03 00:00:00
121	116	2	61	63843.71	9576.56	2009-05-07 00:00:00
123	116	1	73	97692.55	14653.88	2004-07-26 00:00:00
129	116	9	66	34033.67	5105.05	2004-05-08 00:00:00
4	119	7	87	58563.48	8784.52	2006-09-28 00:00:00
7	119	7	61	4338.89	650.83	2001-08-10 00:00:00
9	119	3	86	19662.42	2949.36	2007-11-26 00:00:00
13	119	9	72	24984.40	3747.66	2008-11-19 00:00:00
17	119	1	53	7477.62	1121.64	2006-09-06 00:00:00
20	119	1	99	75586.54	11337.98	2010-10-22 00:00:00
25	119	4	81	88490.42	13273.56	2008-03-03 00:00:00
26	119	10	69	81240.05	12186.01	2004-12-23 00:00:00
28	119	9	72	50597.36	7589.60	2007-05-24 00:00:00
29	119	9	99	88744.64	13311.70	2007-09-23 00:00:00
32	119	2	54	48382.43	7257.36	2009-05-24 00:00:00
34	119	1	62	99479.09	14921.86	2008-08-19 00:00:00
35	119	2	79	21180.15	3177.02	2008-01-04 00:00:00
36	119	10	77	30657.56	4598.63	2002-04-18 00:00:00
41	119	3	61	92166.95	13825.04	2005-05-01 00:00:00
43	119	9	56	78157.31	11723.60	2007-07-23 00:00:00
45	119	9	79	43359.72	6503.96	2007-04-01 00:00:00
49	119	8	75	154.15	23.12	2009-12-01 00:00:00
53	119	10	55	23780.64	3567.10	2006-09-13 00:00:00
59	119	7	85	5922.55	888.38	2004-11-24 00:00:00
61	119	8	76	64421.80	9663.27	2010-11-27 00:00:00
63	119	3	67	21559.20	3233.88	2002-10-08 00:00:00
70	119	10	62	48621.25	7293.19	2004-10-20 00:00:00
72	119	3	70	51238.22	7685.73	2010-09-03 00:00:00
74	119	3	82	87857.38	13178.61	2005-05-20 00:00:00
77	119	2	94	56041.22	8406.18	2009-07-11 00:00:00
79	119	7	70	24020.73	3603.11	2002-08-24 00:00:00
84	119	6	60	11577.35	1736.60	2001-04-20 00:00:00
87	119	2	51	31900.61	4785.09	2005-06-24 00:00:00
89	119	2	52	26937.06	4040.56	2004-11-10 00:00:00
94	119	8	93	28984.51	4347.68	2010-08-28 00:00:00
96	119	4	71	63892.38	9583.86	2006-04-26 00:00:00
102	119	1	99	57235.30	8585.30	2001-08-24 00:00:00
108	119	5	99	4600.35	690.05	2006-07-14 00:00:00
117	119	2	61	21693.04	3253.96	2003-12-23 00:00:00
118	119	4	74	39629.86	5944.48	2010-11-16 00:00:00
122	119	2	71	38942.18	5841.33	2005-08-24 00:00:00
123	119	2	68	33762.20	5064.33	2007-01-21 00:00:00
126	119	4	100	75909.24	11386.39	2008-02-12 00:00:00
129	119	3	95	61942.55	9291.38	2011-09-22 00:00:00
7	312	3	66	67682.74	10152.41	2004-05-17 00:00:00
9	312	6	58	24873.48	3731.02	2005-03-04 00:00:00
12	312	3	70	47236.18	7085.43	2011-05-01 00:00:00
13	312	2	88	23171.70	3475.76	2006-09-15 00:00:00
18	312	7	58	91178.95	13676.84	2001-02-07 00:00:00
20	312	9	58	24819.23	3722.88	2003-05-14 00:00:00
23	312	6	76	56140.32	8421.05	2012-04-07 00:00:00
24	312	7	83	70889.87	10633.48	2001-11-19 00:00:00
26	312	1	86	19145.10	2871.77	2011-02-08 00:00:00
27	312	3	67	76255.88	11438.38	2001-04-05 00:00:00
31	312	7	88	10190.66	1528.60	2005-08-24 00:00:00
32	312	9	94	6360.33	954.05	2006-11-09 00:00:00
33	312	4	76	21077.72	3161.66	2011-02-02 00:00:00
37	312	2	55	75154.87	11273.23	2004-08-19 00:00:00
41	312	1	67	2128.44	319.27	2005-03-05 00:00:00
42	312	1	69	9802.54	1470.38	2004-03-28 00:00:00
45	312	3	98	54344.44	8151.67	2010-08-28 00:00:00
46	312	6	100	48924.50	7338.68	2011-09-24 00:00:00
47	312	7	94	91755.58	13763.34	2012-12-27 00:00:00
49	312	2	67	19014.61	2852.19	2005-10-03 00:00:00
50	312	6	85	32620.97	4893.15	2001-12-08 00:00:00
51	312	4	62	31286.15	4692.92	2003-05-21 00:00:00
56	312	6	71	38936.67	5840.50	2008-10-07 00:00:00
62	312	7	77	52730.38	7909.56	2012-01-24 00:00:00
63	312	2	98	58589.10	8788.37	2009-04-06 00:00:00
64	312	7	94	95793.30	14369.00	2004-09-05 00:00:00
65	312	9	98	90577.88	13586.68	2008-06-24 00:00:00
68	312	10	66	95437.60	14315.64	2001-12-28 00:00:00
72	312	10	61	50394.72	7559.21	2008-01-08 00:00:00
77	312	1	100	83885.37	12582.81	2008-04-17 00:00:00
82	312	3	57	3400.38	510.06	2011-12-16 00:00:00
85	312	4	82	61383.63	9207.54	2011-09-16 00:00:00
89	312	5	71	64167.44	9625.12	2001-08-27 00:00:00
92	312	2	82	3138.27	470.74	2002-10-01 00:00:00
99	312	6	70	8413.44	1262.02	2009-09-10 00:00:00
104	312	7	76	57402.57	8610.39	2001-09-06 00:00:00
105	312	9	79	13895.51	2084.33	2006-01-19 00:00:00
107	312	4	79	77592.69	11638.90	2011-10-24 00:00:00
112	312	1	74	19314.53	2897.18	2004-11-02 00:00:00
116	312	6	74	98740.56	14811.08	2007-07-12 00:00:00
118	312	6	73	81165.99	12174.90	2010-06-19 00:00:00
127	312	8	87	35842.17	5376.33	2004-10-12 00:00:00
2	399	5	76	49053.15	7357.97	2007-08-03 00:00:00
5	399	6	89	8832.33	1324.85	2005-09-14 00:00:00
7	399	4	90	88294.37	13244.16	2005-06-22 00:00:00
8	399	4	59	9862.69	1479.40	2002-10-12 00:00:00
9	399	2	56	66959.17	10043.88	2001-05-15 00:00:00
13	399	7	85	53375.81	8006.37	2003-06-26 00:00:00
15	399	7	96	7606.22	1140.93	2001-04-13 00:00:00
18	399	4	74	56837.76	8525.66	2011-11-17 00:00:00
22	399	10	90	31745.05	4761.76	2009-03-19 00:00:00
31	399	6	83	91900.13	13785.02	2011-12-19 00:00:00
35	399	9	57	56169.09	8425.36	2001-04-06 00:00:00
36	399	4	52	6429.92	964.49	2006-08-17 00:00:00
43	399	3	62	62737.95	9410.69	2009-04-28 00:00:00
46	399	4	74	61056.25	9158.44	2008-12-22 00:00:00
51	399	4	82	62735.93	9410.39	2001-05-05 00:00:00
54	399	2	65	85486.11	12822.92	2004-04-24 00:00:00
69	399	7	52	48172.58	7225.89	2012-06-25 00:00:00
70	399	10	93	39272.42	5890.86	2010-01-02 00:00:00
72	399	10	91	73645.05	11046.76	2004-07-25 00:00:00
73	399	7	75	81503.82	12225.57	2004-09-09 00:00:00
76	399	3	93	72303.18	10845.48	2009-05-17 00:00:00
83	399	1	61	54207.92	8131.19	2011-02-07 00:00:00
85	399	9	98	53671.38	8050.71	2007-05-27 00:00:00
89	399	3	100	74270.42	11140.56	2012-08-24 00:00:00
92	399	6	99	77699.04	11654.86	2011-12-28 00:00:00
93	399	3	83	27274.29	4091.14	2012-01-03 00:00:00
94	399	8	61	19426.97	2914.05	2004-11-25 00:00:00
97	399	9	88	16638.32	2495.75	2008-09-20 00:00:00
99	399	5	66	81541.74	12231.26	2010-08-08 00:00:00
100	399	1	84	86960.94	13044.14	2004-09-01 00:00:00
101	399	8	66	57932.99	8689.95	2009-03-12 00:00:00
106	399	3	87	97652.92	14647.94	2001-06-20 00:00:00
108	399	1	100	72954.63	10943.19	2006-05-04 00:00:00
112	399	2	82	81129.75	12169.46	2009-12-18 00:00:00
113	399	1	54	71865.97	10779.90	2004-05-28 00:00:00
120	399	4	70	27560.67	4134.10	2003-06-08 00:00:00
121	399	7	55	72686.03	10902.90	2009-02-25 00:00:00
122	399	10	89	38007.55	5701.13	2011-09-21 00:00:00
125	399	5	100	8386.29	1257.94	2007-03-28 00:00:00
126	399	9	77	88102.96	13215.44	2007-04-08 00:00:00
2	432	2	61	95554.59	14333.19	2009-11-12 00:00:00
4	432	10	86	79764.17	11964.63	2012-07-14 00:00:00
5	432	5	98	63577.28	9536.59	2004-04-01 00:00:00
11	432	9	53	89646.22	13446.93	2003-11-19 00:00:00
13	432	10	56	97891.93	14683.79	2011-09-23 00:00:00
19	432	10	80	15646.97	2347.05	2005-04-22 00:00:00
24	432	10	90	90581.46	13587.22	2004-02-19 00:00:00
30	432	1	57	61903.98	9285.60	2006-12-03 00:00:00
31	432	10	77	61282.89	9192.43	2008-02-15 00:00:00
33	432	4	64	15127.63	2269.14	2005-01-20 00:00:00
35	432	7	67	52320.57	7848.09	2002-08-03 00:00:00
39	432	2	78	44055.85	6608.38	2007-08-07 00:00:00
44	432	2	56	66011.87	9901.78	2001-11-08 00:00:00
45	432	8	53	42168.93	6325.34	2001-11-13 00:00:00
47	432	2	82	44306.66	6646.00	2010-05-17 00:00:00
48	432	9	63	83817.56	12572.63	2007-08-21 00:00:00
51	432	8	59	22324.74	3348.71	2003-04-08 00:00:00
53	432	5	75	86816.57	13022.49	2005-03-08 00:00:00
56	432	8	81	13182.74	1977.41	2012-04-17 00:00:00
61	432	1	91	51426.36	7713.95	2011-03-17 00:00:00
63	432	6	82	73128.93	10969.34	2007-04-03 00:00:00
70	432	7	77	20767.55	3115.13	2012-09-17 00:00:00
78	432	10	72	5347.31	802.10	2009-10-13 00:00:00
84	432	2	99	3363.54	504.53	2012-09-17 00:00:00
87	432	10	71	61015.40	9152.31	2009-10-25 00:00:00
94	432	9	53	86955.10	13043.27	2011-11-15 00:00:00
96	432	5	94	46661.39	6999.21	2005-05-24 00:00:00
102	432	7	70	90688.77	13603.32	2006-12-01 00:00:00
103	432	9	81	76337.29	11450.59	2011-11-11 00:00:00
104	432	5	52	98993.63	14849.04	2009-11-19 00:00:00
106	432	3	91	7462.78	1119.42	2004-03-01 00:00:00
108	432	10	69	22856.34	3428.45	2010-09-08 00:00:00
112	432	7	59	36319.73	5447.96	2004-02-07 00:00:00
113	432	2	62	60984.10	9147.62	2004-02-10 00:00:00
114	432	5	61	17903.61	2685.54	2009-01-08 00:00:00
117	432	1	67	42153.47	6323.02	2001-02-09 00:00:00
118	432	8	51	19075.24	2861.29	2002-04-18 00:00:00
120	432	1	51	26578.47	3986.77	2007-08-21 00:00:00
121	432	3	89	91715.61	13757.34	2010-08-17 00:00:00
122	432	6	55	98916.27	14837.44	2005-08-24 00:00:00
124	432	7	94	44131.39	6619.71	2012-10-18 00:00:00
128	432	8	77	84292.74	12643.91	2001-12-13 00:00:00
129	432	5	81	21614.19	3242.13	2009-07-05 00:00:00
1	531	9	67	82819.84	12422.98	2011-01-18 00:00:00
2	531	4	71	16515.19	2477.28	2005-01-17 00:00:00
4	531	6	97	23592.06	3538.81	2004-02-03 00:00:00
5	531	3	85	76278.23	11441.73	2010-02-28 00:00:00
6	531	7	84	83613.42	12542.01	2009-01-08 00:00:00
13	531	6	93	27001.07	4050.16	2011-04-04 00:00:00
14	531	7	94	26158.53	3923.78	2010-11-04 00:00:00
17	531	2	52	55753.05	8362.96	2001-08-07 00:00:00
22	531	4	75	71750.10	10762.52	2006-03-13 00:00:00
23	531	7	72	56660.00	8499.00	2009-07-08 00:00:00
26	531	2	85	10338.06	1550.71	2009-02-15 00:00:00
33	531	9	76	18419.46	2762.92	2006-04-04 00:00:00
37	531	7	69	36696.73	5504.51	2007-09-18 00:00:00
38	531	8	90	67069.47	10060.42	2006-11-06 00:00:00
43	531	2	93	14663.56	2199.53	2002-11-23 00:00:00
49	531	4	95	60582.65	9087.40	2003-03-27 00:00:00
53	531	8	63	36504.74	5475.71	2011-10-25 00:00:00
58	531	1	65	67629.94	10144.49	2008-02-23 00:00:00
64	531	2	74	95387.66	14308.15	2003-12-01 00:00:00
65	531	3	68	91491.34	13723.70	2007-11-27 00:00:00
67	531	7	84	57095.58	8564.34	2004-05-07 00:00:00
72	531	2	85	69466.70	10420.01	2011-09-05 00:00:00
79	531	7	69	37235.27	5585.29	2008-03-11 00:00:00
81	531	2	79	77437.45	11615.62	2007-07-02 00:00:00
82	531	2	84	56174.54	8426.18	2002-02-18 00:00:00
87	531	8	95	92304.20	13845.63	2011-06-01 00:00:00
88	531	6	63	60472.54	9070.88	2009-12-07 00:00:00
89	531	7	74	72181.33	10827.20	2005-09-01 00:00:00
90	531	6	76	34318.92	5147.84	2001-09-28 00:00:00
91	531	5	50	72267.32	10840.10	2005-05-14 00:00:00
95	531	10	76	74770.67	11215.60	2007-06-09 00:00:00
96	531	8	50	9388.94	1408.34	2010-09-28 00:00:00
97	531	7	60	69968.24	10495.24	2001-03-02 00:00:00
98	531	2	53	9430.54	1414.58	2007-04-23 00:00:00
102	531	7	66	94984.40	14247.66	2012-09-04 00:00:00
105	531	2	91	65132.23	9769.83	2012-03-05 00:00:00
116	531	7	50	34903.47	5235.52	2012-02-27 00:00:00
118	531	1	71	7593.52	1139.03	2006-03-27 00:00:00
119	531	1	75	92691.76	13903.76	2006-12-08 00:00:00
120	531	10	78	29163.79	4374.57	2012-03-28 00:00:00
122	531	7	97	20536.48	3080.47	2007-08-12 00:00:00
124	531	9	75	20331.33	3049.70	2009-12-02 00:00:00
127	531	4	97	11062.50	1659.38	2001-11-23 00:00:00
128	531	9	70	21119.67	3167.95	2012-08-09 00:00:00
129	531	9	74	44785.05	6717.76	2002-06-12 00:00:00
4	543	4	91	35855.09	5378.26	2009-04-21 00:00:00
5	543	7	52	93506.56	14025.98	2011-04-15 00:00:00
7	543	10	56	44793.33	6719.00	2009-04-14 00:00:00
8	543	8	93	34859.86	5228.98	2001-04-15 00:00:00
13	543	10	76	5868.68	880.30	2009-02-09 00:00:00
14	543	2	61	28846.99	4327.05	2002-11-02 00:00:00
15	543	1	79	32411.10	4861.67	2001-10-21 00:00:00
19	543	10	65	29668.45	4450.27	2007-04-23 00:00:00
22	543	5	60	81893.43	12284.01	2010-05-22 00:00:00
31	543	10	76	30631.59	4594.74	2011-02-04 00:00:00
32	543	7	70	67109.52	10066.43	2008-10-01 00:00:00
34	543	6	62	31783.09	4767.46	2004-07-21 00:00:00
40	543	8	76	93829.16	14074.37	2011-10-01 00:00:00
43	543	7	90	2283.04	342.46	2003-02-06 00:00:00
44	543	3	58	44578.23	6686.73	2006-01-16 00:00:00
46	543	2	82	33926.07	5088.91	2006-05-04 00:00:00
50	543	8	52	37022.49	5553.37	2011-04-03 00:00:00
53	543	3	95	69723.70	10458.56	2005-06-13 00:00:00
56	543	7	93	56874.50	8531.18	2002-07-02 00:00:00
58	543	6	66	30848.62	4627.29	2007-10-21 00:00:00
60	543	7	88	24093.93	3614.09	2001-05-27 00:00:00
70	543	3	97	12286.17	1842.93	2001-01-07 00:00:00
76	543	4	86	47566.50	7134.98	2002-09-12 00:00:00
80	543	6	65	55123.30	8268.50	2006-04-14 00:00:00
83	543	1	52	30506.25	4575.94	2004-07-10 00:00:00
85	543	3	75	94958.52	14243.78	2007-02-10 00:00:00
89	543	8	67	56783.43	8517.51	2003-12-02 00:00:00
91	543	10	63	52552.29	7882.84	2012-08-19 00:00:00
92	543	5	95	34815.02	5222.25	2002-05-08 00:00:00
99	543	2	57	29905.13	4485.77	2003-02-21 00:00:00
103	543	1	73	14330.24	2149.54	2004-11-13 00:00:00
104	543	2	77	7773.08	1165.96	2002-02-23 00:00:00
109	543	10	59	48805.84	7320.88	2003-07-20 00:00:00
110	543	9	57	6019.85	902.98	2003-06-26 00:00:00
111	543	8	81	8511.77	1276.77	2011-12-17 00:00:00
121	543	3	76	37598.87	5639.83	2005-09-25 00:00:00
127	543	4	94	91694.61	13754.19	2010-11-13 00:00:00
129	543	8	51	65702.16	9855.32	2007-04-22 00:00:00
1	581	3	53	58047.83	8707.17	2010-10-18 00:00:00
3	581	9	67	46114.79	6917.22	2007-08-02 00:00:00
6	581	5	85	74213.23	11131.98	2011-09-13 00:00:00
8	581	8	74	37031.77	5554.77	2005-06-24 00:00:00
12	581	4	87	28438.69	4265.80	2009-05-17 00:00:00
17	581	8	76	57402.59	8610.39	2010-11-16 00:00:00
18	581	8	84	56548.03	8482.20	2010-05-13 00:00:00
20	581	7	76	45487.96	6823.19	2004-01-02 00:00:00
22	581	4	75	7367.75	1105.16	2004-07-21 00:00:00
23	581	2	80	69809.49	10471.42	2001-09-15 00:00:00
24	581	6	89	68911.13	10336.67	2003-04-07 00:00:00
32	581	9	59	46208.36	6931.25	2010-03-11 00:00:00
35	581	6	83	54840.84	8226.13	2002-03-28 00:00:00
36	581	8	89	48881.13	7332.17	2001-10-05 00:00:00
40	581	3	89	56164.81	8424.72	2011-08-13 00:00:00
42	581	10	92	9785.74	1467.86	2010-06-04 00:00:00
45	581	8	51	50141.46	7521.22	2005-01-18 00:00:00
49	581	3	55	53419.06	8012.86	2004-02-18 00:00:00
50	581	6	52	87783.62	13167.54	2008-09-22 00:00:00
52	581	7	76	49171.08	7375.66	2012-05-06 00:00:00
53	581	8	87	91109.00	13666.35	2003-10-10 00:00:00
57	581	1	52	70673.44	10601.02	2011-02-04 00:00:00
61	581	5	87	13214.69	1982.20	2007-12-19 00:00:00
66	581	7	60	93767.94	14065.19	2005-07-01 00:00:00
68	581	9	51	18174.67	2726.20	2009-09-18 00:00:00
73	581	9	70	48413.50	7262.03	2008-02-10 00:00:00
74	581	3	54	354.89	53.23	2008-12-10 00:00:00
76	581	10	63	67677.66	10151.65	2006-01-14 00:00:00
78	581	5	85	92078.85	13811.83	2008-12-02 00:00:00
79	581	1	73	40982.24	6147.34	2005-08-10 00:00:00
82	581	2	55	88420.34	13263.05	2010-07-26 00:00:00
94	581	6	84	41631.93	6244.79	2012-07-16 00:00:00
98	581	2	98	68240.67	10236.10	2004-12-16 00:00:00
101	581	4	100	20205.82	3030.87	2009-03-07 00:00:00
102	581	7	98	66444.11	9966.62	2007-03-15 00:00:00
105	581	4	78	86514.09	12977.11	2006-07-04 00:00:00
106	581	9	67	76299.66	11444.95	2001-05-17 00:00:00
108	581	1	73	84820.89	12723.13	2001-06-08 00:00:00
109	581	9	58	64375.98	9656.40	2008-08-13 00:00:00
111	581	8	63	19890.63	2983.59	2010-11-17 00:00:00
118	581	2	69	88544.25	13281.64	2009-10-11 00:00:00
123	581	9	82	27374.92	4106.24	2004-12-21 00:00:00
124	581	7	81	64156.72	9623.51	2005-10-08 00:00:00
128	581	2	89	13580.23	2037.03	2010-12-24 00:00:00
129	581	7	91	58339.48	8750.92	2002-09-14 00:00:00
11	991	8	92	86414.61	12962.19	2003-04-22 00:00:00
13	991	10	76	38630.33	5794.55	2006-11-26 00:00:00
16	991	1	63	59987.52	8998.13	2006-08-06 00:00:00
17	991	10	69	66783.80	10017.57	2010-09-08 00:00:00
19	991	7	95	63088.86	9463.33	2004-03-05 00:00:00
20	991	4	88	52578.13	7886.72	2002-01-16 00:00:00
23	991	9	90	44845.47	6726.82	2010-11-22 00:00:00
24	991	8	98	19766.73	2965.01	2007-10-24 00:00:00
32	991	7	67	5450.03	817.50	2012-01-10 00:00:00
37	991	2	82	87889.13	13183.37	2008-09-05 00:00:00
41	991	5	88	20221.08	3033.16	2009-05-01 00:00:00
42	991	8	52	23196.13	3479.42	2010-11-20 00:00:00
43	991	9	99	14185.42	2127.81	2011-07-03 00:00:00
44	991	4	71	73666.06	11049.91	2011-12-08 00:00:00
45	991	7	57	80735.43	12110.31	2005-08-05 00:00:00
52	991	2	81	36522.18	5478.33	2003-03-10 00:00:00
54	991	10	78	96108.98	14416.35	2007-02-17 00:00:00
56	991	8	100	95491.89	14323.78	2005-09-18 00:00:00
62	991	4	54	77614.94	11642.24	2008-07-26 00:00:00
63	991	2	100	94754.79	14213.22	2007-02-04 00:00:00
68	991	5	69	82989.92	12448.49	2005-11-27 00:00:00
75	991	10	86	73900.41	11085.06	2010-02-26 00:00:00
82	991	10	51	56228.59	8434.29	2010-02-12 00:00:00
83	991	4	90	94473.17	14170.98	2006-05-19 00:00:00
84	991	6	94	33088.30	4963.25	2006-07-13 00:00:00
93	991	5	91	9618.18	1442.73	2004-06-22 00:00:00
96	991	10	81	42791.15	6418.67	2007-08-02 00:00:00
98	991	1	73	12537.73	1880.66	2008-06-17 00:00:00
100	991	4	78	617.47	92.62	2008-11-14 00:00:00
101	991	5	100	39086.99	5863.05	2004-06-02 00:00:00
102	991	3	83	18395.98	2759.40	2011-07-08 00:00:00
107	991	8	93	32599.33	4889.90	2008-08-15 00:00:00
108	991	5	55	58734.73	8810.21	2006-08-25 00:00:00
112	991	1	79	62758.68	9413.80	2011-08-06 00:00:00
117	991	8	57	19796.54	2969.48	2001-03-13 00:00:00
118	991	6	98	10796.85	1619.53	2009-09-22 00:00:00
119	991	3	85	84590.59	12688.59	2003-12-15 00:00:00
123	991	5	85	91554.13	13733.12	2009-09-26 00:00:00
127	991	6	86	2140.67	321.10	2010-07-13 00:00:00
128	991	6	70	6748.68	1012.30	2009-03-14 00:00:00
1	992	5	92	10661.82	1599.27	2001-10-03 00:00:00
14	992	2	55	50016.18	7502.43	2001-06-12 00:00:00
15	992	5	81	83013.95	12452.09	2009-07-23 00:00:00
23	992	4	52	16521.32	2478.20	2004-03-22 00:00:00
26	992	5	91	78116.57	11717.49	2003-01-26 00:00:00
30	992	1	57	13804.47	2070.67	2003-09-05 00:00:00
32	992	10	54	14417.75	2162.66	2008-12-26 00:00:00
33	992	1	59	36894.62	5534.19	2001-09-25 00:00:00
36	992	10	77	67404.45	10110.67	2008-08-01 00:00:00
37	992	6	71	78689.42	11803.41	2007-05-05 00:00:00
38	992	7	51	73951.90	11092.79	2003-11-18 00:00:00
41	992	2	56	26905.24	4035.79	2011-11-11 00:00:00
46	992	7	57	61785.46	9267.82	2002-10-06 00:00:00
50	992	6	100	96180.72	14427.11	2005-01-26 00:00:00
52	992	5	54	93874.17	14081.13	2012-09-11 00:00:00
54	992	10	86	9144.02	1371.60	2008-01-09 00:00:00
55	992	8	100	42441.29	6366.19	2003-02-01 00:00:00
57	992	2	88	64404.44	9660.67	2001-08-02 00:00:00
58	992	7	94	39132.45	5869.87	2001-10-08 00:00:00
59	992	6	78	74977.39	11246.61	2009-07-28 00:00:00
64	992	8	83	33516.08	5027.41	2003-07-27 00:00:00
67	992	1	79	21093.65	3164.05	2003-09-13 00:00:00
69	992	8	66	12364.48	1854.67	2002-07-14 00:00:00
75	992	6	72	52684.57	7902.69	2001-08-18 00:00:00
82	992	3	95	21959.00	3293.85	2009-01-13 00:00:00
89	992	3	90	91674.68	13751.20	2001-11-15 00:00:00
92	992	10	89	45510.49	6826.57	2003-12-04 00:00:00
93	992	2	76	29572.69	4435.90	2011-02-25 00:00:00
95	992	9	93	16434.94	2465.24	2007-03-23 00:00:00
99	992	5	67	23357.53	3503.63	2008-10-15 00:00:00
102	992	9	96	46237.21	6935.58	2010-11-17 00:00:00
111	992	3	66	74796.40	11219.46	2001-09-02 00:00:00
113	992	3	92	90134.72	13520.21	2008-03-12 00:00:00
116	992	3	97	89339.71	13400.96	2006-09-18 00:00:00
117	992	10	87	51955.52	7793.33	2008-06-26 00:00:00
118	992	1	52	11584.01	1737.60	2006-12-17 00:00:00
121	992	6	62	44776.17	6716.43	2006-04-09 00:00:00
123	992	4	94	66813.93	10022.09	2010-11-15 00:00:00
125	992	9	67	68400.90	10260.14	2003-11-21 00:00:00
127	992	7	86	83399.82	12509.97	2001-02-16 00:00:00
128	992	9	57	42608.97	6391.35	2006-11-17 00:00:00
2	993	4	84	49168.75	7375.31	2005-06-28 00:00:00
4	993	9	100	4594.08	689.11	2008-06-13 00:00:00
8	993	2	79	34433.85	5165.08	2001-03-03 00:00:00
10	993	2	57	9396.35	1409.45	2006-09-13 00:00:00
15	993	8	77	68671.26	10300.69	2009-05-14 00:00:00
17	993	3	100	56522.67	8478.40	2009-01-15 00:00:00
24	993	3	84	64863.47	9729.52	2007-10-20 00:00:00
25	993	1	79	92301.99	13845.30	2011-05-17 00:00:00
26	993	8	86	20014.64	3002.20	2012-02-18 00:00:00
37	993	5	61	87150.70	13072.61	2002-03-09 00:00:00
39	993	3	59	1425.73	213.86	2007-08-27 00:00:00
40	993	4	70	70004.48	10500.67	2010-02-05 00:00:00
42	993	1	66	89410.96	13411.64	2011-05-05 00:00:00
48	993	4	87	22800.39	3420.06	2001-03-25 00:00:00
49	993	4	73	99273.77	14891.07	2004-11-13 00:00:00
50	993	5	78	60815.46	9122.32	2010-08-20 00:00:00
54	993	2	76	43502.21	6525.33	2002-05-14 00:00:00
60	993	10	80	12739.77	1910.97	2009-03-09 00:00:00
61	993	8	72	30828.79	4624.32	2005-05-16 00:00:00
64	993	6	64	19304.60	2895.69	2011-09-04 00:00:00
66	993	10	85	47838.11	7175.72	2005-09-09 00:00:00
68	993	8	67	48094.39	7214.16	2003-01-18 00:00:00
73	993	4	59	91161.92	13674.29	2006-12-08 00:00:00
75	993	7	64	1794.48	269.17	2010-04-20 00:00:00
76	993	7	71	18530.28	2779.54	2008-09-18 00:00:00
79	993	7	68	16200.45	2430.07	2008-04-27 00:00:00
81	993	4	53	80486.03	12072.90	2004-01-01 00:00:00
87	993	8	76	29139.86	4370.98	2011-05-24 00:00:00
98	993	10	96	683.93	102.59	2001-08-01 00:00:00
104	993	1	80	68260.91	10239.14	2004-05-09 00:00:00
112	993	1	66	59050.35	8857.55	2008-07-21 00:00:00
114	993	8	65	51470.90	7720.64	2008-05-21 00:00:00
116	993	8	76	93494.85	14024.23	2002-03-21 00:00:00
119	993	4	61	48066.49	7209.97	2005-04-04 00:00:00
125	993	4	68	26418.42	3962.76	2009-07-22 00:00:00
126	993	9	65	27020.93	4053.14	2008-10-24 00:00:00
127	993	7	67	8883.85	1332.58	2012-07-15 00:00:00
128	993	2	70	86351.92	12952.79	2008-07-26 00:00:00
4	994	3	54	9451.54	1417.73	2002-03-18 00:00:00
6	994	9	62	95071.35	14260.70	2006-08-28 00:00:00
7	994	3	78	38761.10	5814.17	2002-04-21 00:00:00
8	994	1	52	32154.92	4823.24	2007-01-11 00:00:00
11	994	9	67	5118.59	767.79	2003-12-15 00:00:00
12	994	6	78	65162.65	9774.40	2005-07-12 00:00:00
13	994	10	80	29575.45	4436.32	2001-07-08 00:00:00
14	994	3	93	28066.63	4209.99	2001-03-21 00:00:00
17	994	10	92	6900.58	1035.09	2003-03-07 00:00:00
24	994	2	66	90260.52	13539.08	2006-05-03 00:00:00
30	994	8	51	50781.02	7617.15	2001-11-19 00:00:00
34	994	8	74	82077.98	12311.70	2012-11-15 00:00:00
48	994	3	85	39605.20	5940.78	2011-08-17 00:00:00
51	994	5	53	77527.36	11629.10	2004-02-04 00:00:00
53	994	10	94	17941.38	2691.21	2010-10-09 00:00:00
55	994	1	93	59818.31	8972.75	2012-12-05 00:00:00
58	994	9	74	96015.09	14402.26	2008-09-22 00:00:00
61	994	8	57	58453.33	8768.00	2002-03-04 00:00:00
63	994	7	55	57250.13	8587.52	2004-11-19 00:00:00
64	994	9	87	308.34	46.25	2001-06-06 00:00:00
67	994	10	83	99642.79	14946.42	2011-09-03 00:00:00
71	994	9	66	74891.02	11233.65	2006-10-05 00:00:00
72	994	6	92	43088.15	6463.22	2005-10-05 00:00:00
75	994	8	53	22452.64	3367.90	2005-08-24 00:00:00
77	994	9	80	25686.68	3853.00	2007-07-07 00:00:00
80	994	1	92	46537.89	6980.68	2007-06-13 00:00:00
82	994	3	57	97173.59	14576.04	2008-12-12 00:00:00
85	994	1	74	55251.58	8287.74	2002-06-07 00:00:00
94	994	10	83	11201.55	1680.23	2010-04-01 00:00:00
95	994	10	76	20522.14	3078.32	2004-10-03 00:00:00
96	994	1	64	58386.61	8757.99	2005-04-21 00:00:00
98	994	6	63	27187.05	4078.06	2008-02-24 00:00:00
99	994	5	68	10407.01	1561.05	2009-03-02 00:00:00
100	994	6	99	45602.22	6840.33	2008-05-18 00:00:00
107	994	4	84	63461.35	9519.20	2002-03-23 00:00:00
108	994	1	62	38797.26	5819.59	2007-09-10 00:00:00
109	994	5	68	29869.88	4480.48	2009-02-11 00:00:00
114	994	4	84	19550.35	2932.55	2012-10-20 00:00:00
115	994	5	91	90334.11	13550.12	2003-08-08 00:00:00
118	994	9	84	69815.17	10472.28	2011-01-01 00:00:00
119	994	3	78	15194.13	2279.12	2010-04-08 00:00:00
120	994	4	52	72173.33	10826.00	2002-11-01 00:00:00
122	994	4	89	52031.25	7804.69	2009-01-04 00:00:00
123	994	10	55	16714.93	2507.24	2010-04-24 00:00:00
125	994	2	83	48873.34	7331.00	2006-05-07 00:00:00
1	995	3	54	96102.18	14415.33	2008-01-03 00:00:00
4	995	6	100	41797.75	6269.66	2005-10-24 00:00:00
5	995	1	66	13358.38	2003.76	2011-06-13 00:00:00
6	995	4	99	56370.93	8455.64	2012-12-12 00:00:00
8	995	3	94	99238.40	14885.76	2010-12-19 00:00:00
11	995	7	61	66706.08	10005.91	2010-04-26 00:00:00
12	995	8	79	54504.83	8175.72	2004-07-14 00:00:00
20	995	7	71	14062.19	2109.33	2003-12-13 00:00:00
24	995	7	77	37806.63	5670.99	2003-03-09 00:00:00
31	995	1	92	49494.03	7424.10	2009-02-05 00:00:00
38	995	6	94	78564.82	11784.72	2001-07-14 00:00:00
43	995	10	91	37648.64	5647.30	2008-02-20 00:00:00
48	995	4	83	11447.90	1717.19	2008-10-13 00:00:00
50	995	2	67	76754.86	11513.23	2003-10-06 00:00:00
53	995	1	53	3722.66	558.40	2011-11-28 00:00:00
54	995	4	88	92287.97	13843.20	2012-05-14 00:00:00
56	995	1	52	18539.99	2781.00	2007-03-15 00:00:00
57	995	7	74	2634.46	395.17	2007-09-02 00:00:00
65	995	7	69	38768.46	5815.27	2008-01-05 00:00:00
67	995	5	55	20079.42	3011.91	2008-07-05 00:00:00
71	995	6	77	15697.75	2354.66	2003-01-08 00:00:00
72	995	4	92	3565.50	534.83	2003-11-03 00:00:00
74	995	5	73	29508.75	4426.31	2006-10-16 00:00:00
76	995	7	76	72628.92	10894.34	2001-02-03 00:00:00
82	995	3	91	88748.17	13312.23	2012-03-07 00:00:00
85	995	8	78	97734.73	14660.21	2004-04-07 00:00:00
88	995	7	84	82493.85	12374.08	2003-09-17 00:00:00
93	995	8	65	31813.69	4772.05	2006-05-07 00:00:00
95	995	5	89	43176.64	6476.50	2012-03-07 00:00:00
96	995	10	78	74501.44	11175.22	2010-10-01 00:00:00
100	995	2	88	98375.16	14756.27	2005-02-14 00:00:00
102	995	2	91	26393.21	3958.98	2002-03-28 00:00:00
107	995	5	82	88281.85	13242.28	2009-08-09 00:00:00
111	995	7	53	58511.19	8776.68	2004-11-04 00:00:00
122	995	7	89	54341.58	8151.24	2004-04-09 00:00:00
124	995	3	95	83378.84	12506.83	2011-02-10 00:00:00
128	995	6	77	35053.50	5258.03	2012-01-09 00:00:00
1	996	1	68	9259.74	1388.96	2011-04-05 00:00:00
2	996	9	81	16491.90	2473.79	2004-09-12 00:00:00
6	996	6	98	62115.72	9317.36	2008-10-25 00:00:00
8	996	8	59	55276.39	8291.46	2004-03-11 00:00:00
11	996	4	74	74517.82	11177.67	2003-01-15 00:00:00
19	996	2	63	69736.09	10460.41	2003-01-25 00:00:00
26	996	4	74	72948.00	10942.20	2002-08-07 00:00:00
28	996	10	50	10901.80	1635.27	2007-09-28 00:00:00
29	996	3	90	24984.53	3747.68	2001-07-04 00:00:00
30	996	5	61	55313.67	8297.05	2012-03-17 00:00:00
31	996	5	75	24257.58	3638.64	2003-10-17 00:00:00
33	996	6	75	44018.05	6602.71	2006-12-11 00:00:00
35	996	4	94	3239.13	485.87	2011-06-05 00:00:00
36	996	7	59	99113.45	14867.02	2006-10-01 00:00:00
38	996	1	76	29764.02	4464.60	2010-04-08 00:00:00
47	996	6	63	27375.94	4106.39	2007-10-06 00:00:00
52	996	8	100	36585.62	5487.84	2005-11-18 00:00:00
55	996	4	94	47200.96	7080.14	2005-05-16 00:00:00
63	996	8	73	25624.10	3843.62	2012-08-11 00:00:00
66	996	10	70	20810.85	3121.63	2001-06-17 00:00:00
69	996	4	90	81565.80	12234.87	2007-03-04 00:00:00
70	996	1	89	46739.38	7010.91	2004-11-14 00:00:00
71	996	4	62	49381.12	7407.17	2005-11-17 00:00:00
75	996	6	68	48528.55	7279.28	2009-09-13 00:00:00					